,"Key: Pink = Totally done, no need to put more questions. Light Blue = 16 exactly, could use more. Orange = Incomplete",,,,,,
Character,Question,Option_0,Option_1,Option_2,Option_3,Answer,Difficulty
Dr. Embiggen - special,Put these answers in order of size,,,,,,
Dr. Embiggen,Which of these US States are the largest?,California,Texas,Wyoming,Alaska,Alaska,
Dr. Embiggen,Which of these Canadian Provinces are the largest by area?,British Columbia,Saskatchewan,Ontario,Quebec,Quebec,
Dr. Embiggen,Which of these birds have the largest wingspan?,Great white pelican,Snowy albatross,Dalmatian pelican,Andean condor,Snowy albatross,
Dr. Embiggen,Which of these famous paintings are the largest?,Mona Lisa,The Persistence of Memory,Guernica,The Starry Night,Guernica,
Dr. Embiggen,Which of these 2026 World Cup Venues have the highest capacity?,Estadio Azteca,MetLife Stadium,Arrowhead Stadium,AT&T Stadium,AT&T Stadium,
Dr. Embiggen,Which of these people are the tallest?,Richard Kiel,Calvin Harris,Shaquille O'Neal,Dwayne Johnson,Richard Kiel,
Dr. Embiggen,Which of these McDonald's items have the most calories?,Double Quarter Pounder,Big Breakfast with Hotcakes,Large Strawberry Shake,McFlurry with M&M's,Big Breakfast with Hotcakes,
Dr. Embiggen,Which of these LEGO sets have the most pieces?,Eiffel tower,Sagrada Família,Millennium Falcon,Death Star,Sagrada Família,
Dr. Embiggen,Which of these Star Wars structures are the largest?,Death Star,Death Star 2,Star Destroyer,Starkiller Base,Starkiller Base,
Dr. Embiggen,Which of these fictional underground structures are the deepest underground?,Ancient City (Minecraft),The Batcave,Lidenbrock,Aperture Science,Lidenbrock,
Dr. Embiggen,Which of these fictional video game cities are the largest?,Racoon City,Silent Hill,Vice City,Saint Denis,Silent Hill,
Dr. Embiggen,Which of these fictional planets are the largest?,Tatooine ,Pandora,Coruscant,Krypton ,Krypton ,
Dr. Embiggen,Which of these books have the most pages?,Infinite Jest,Les Misérables,Atlas Shrugged ,War and Peace ,Les Misérables,
Dr. Embiggen,Which of these absurdly large numbers is the smallest?,Possible Tweets,Possible shuffles with 52 cards,Possible chess boards,Atoms in the universe,Atoms in the universe,
Dr. Embiggen,Which of these galaxies are the largest?,Milky Way,Andromeda Galaxy,Sombrero Galaxy,`Sagittarius Dwarf Galaxy,Andromeda Galaxy,
Dr. Embiggen,Which of these space things are the largest?,Gomez's Hamburger,Pillars of Creation,Crab Nebula,Orion Nebula,Orion Nebula,
Dr. Embiggen,Which of these human-made structures are the shortest?,Statue of Liberty,Gateway Arch,Eiffel Tower,The Great Pyramid of Giza,The Great Pyramid of Giza,
Dr. Embiggen,Which of these roadside attractions are the tallest?,World's Largest Ball of Twine,World's Largest Rocking Chair, Lucy the Elephant,The Big Nickel, Lucy the Elephant,
Dr. Embiggen,Which of these countries are the smallest?,Canada,Mexico,Brazil,India,Mexico,
Dr. Embiggen,Which of these video games maps are largest?,Minecraft,World of Warcraft,DayZ,Microsoft Flight Simulator,Minecraft,
Dr. Embiggen,Which of these moons are smallest?,The Moon (Earth),Europa (Jupiter),Titan (Saturn),Nix (Pluto),Nix (Pluto),
Dr. Embiggen,Which of these planets are the largest?,Mercury,Mars,Venus,Earth,Earth,
Dr. Embiggen,Which of these planets are the smallest?,Saturn,Jupiter,Uranus,Neptune,Neptune,
Dr. Embiggen,Which of these stars are the largest?,Luyten's star,VY Canis Majoris,WOH G64,Sol,VY Canis Majoris,
Dr. Embiggen,Which of these dinosaurs are the largest?,Spinosaurus aegyptiacus,Stegosaurus ungulatus,Supersaurus vivianae,Triceratops prorsus,Supersaurus vivianae,
Dr. Embiggen,Which of these people are the shortest?,Napoleon Bonaparte,Ariana Grande,Danny Devito,Elvis Presley,Danny Devito,
Dr. Embiggen,Which of these these weird animals are the smallest?,Sugar glider,Pac-Man Frog,Ferret,Dodo bird,Pac-Man Frog,
Dr. Embiggen,"According to Olympic regulations, which of these balls are the smallest?",Table tennis,Basketball,Baseball,Shot put,Table tennis,
Dr. Embiggen,"Which of these coins is largest in physical size, not spending power?",US Penny,UK Five Pence,Canadian Dime,Australian 50c piece,Australian 50c piece,
Dr. Embiggen,Which of these grains are the smallest?,A grain of sea salt,A grain of granulated sugar,A grain of fine sand,An oat,A grain of fine sand,
Dr. Embiggen,Which of these teeny tiny things are the largest?,Red blood cell,Mist droplet,Bacteriophage,E. Coli,Mist droplet,
Dr. Embiggen,Which of these subatomic particles are the smallest?,Neutrino,Neutron,Helium Atom,Cesium atom,Neutrino,
Poppy,Press X to Skip: Which character said this?,,,,,,
Poppy,"""Talk About Low Budget Flights, No Food or Movies? I'm Outta Here!""",Animal Crossing:New Horizons,Sonic Adventure 2,Metal Gear Solid,Scribblenauts: Unlimited,Sonic Adventure 2,
Poppy,"""It's time for my least requested minigame... math!~""",Jackbox Party Pack 6,Jackbox Party Pack 7,Jackbox Party Pack 5,Jackbox Party Pack 4,Jackbox Party Pack 6,
Poppy,"""This cave is not a natural formation.""",Halo: Reach,Portal,LoZ: Skyward Sword,Resident Evil,Halo: Reach,
Poppy,“Humans tend to destroy things they don't understand”,Undertale,Stardew Valley,Earthbound,Resident Evil 2,Stardew Valley,
Poppy,"""Funny how we get attached to the struggle. Promise me you'll take care of yourself, ok?""",Deltarune: Chapter 4,Earthbound,Stardew Valley,Celeste,Celeste,
Poppy,"""Hi! I like shorts! They're comfy and easy to wear!""",Earthbound,Scribblenauts: Unlimited,Pokémon Red,Animal Crossing: City Folk,Pokémon Red,
Poppy,"""Come back when you're a little... mmm... richer.""",LoZ: Faces of Evil,LoZ: The Wand of Gamelon,LoZ:  Zelda's Adventure,Zelda II: The Adventure of Link,LoZ: Faces of Evil,
Poppy,“No mind to think. No will to break. No voice to cry suffering. Born of God and Void.”,Hollow Knight,Dark Souls II,Elder Ring,Devil May Cry,Hollow Knight,
Poppy,"""Looking cool, Joker!""",Lego Batman,Batman: Arkham Asylum,Persona 4,Persona 5,Persona 5,
Poppy,"""Can it wait for a bit? I'm in the middle of some calibrations.""",Earthbound,Halo : Reach,Fallout: New Vegas,Mass Effect 2,Mass Effect 2,
Poppy,"""Higher beings, these words are for you alone.""",Hollow Knight,Cult of the Lamb,Terraria,LoZ: Twilight Princess,Hollow Knight,
Poppy,“You cannot argue with the draw. One might as well argue with the ocean.”,Terraria,Pokémon Black and White,Cult of the Lamb,Hollow Knight,Cult of the Lamb,
Poppy,"""Despite everything, it's still you""",Stardew Valley,The Thousand-Year Door,Undertale,Skyrim,Undertale,
Poppy,"""Do you think yourself above a God?""",Cult of the Lamb,The Thousand-Year Door,Resident Evil: Village,Undertale,Cult of the Lamb,
Poppy,"""3: Upload to SpöökTube"" ",Undertale,Content Warning,R.E.P.O.,Five Nights at Freddy's 3,Content Warning,
Poppy,"""I can't help wow wow over OatyMilkGalaxy.""",Content Warning,R.E.P.O.,Among Us,Get Lit,R.E.P.O.,
Poppy,"""This grass feels funny, It feels like... pants.""",Stardew Valley,Job Simulator,Banjo-Kazooie,Kirby's Epic Yarn,Kirby's Epic Yarn,
Poppy,"""Quick chat only""",R.E.P.O,Among Us,Jackbox Party Pack 5,Minecraft,Among Us,
Poppy,"""The right man in the wrong place can make all the difference in the world""",Resident Evil 4,Baldur's Gate 3,Half-Life 2,Hollow Knight,Half-Life 2,
Poppy,"""How they wish to destroy one another. How they wish to control one another. How they both wish to be free""",LoZ: Twilight Princess,Stanley Parable,Earthbound,Dark Souls,Stanley Parable,
Poppy,"""The shine gate has been opened!""",Super Mario Galaxy,Stardew Valley,Scribblenauts: Unlimited,Super Mario Sunshine,Super Mario Sunshine,
Poppy,"""You might not believe this, but Grandpa Edgar used to be the world's greatest adventurer!""",Super Mario Odyssey,Scribblenauts: Unlimited,Tomb Raider,Pitfall,Scribblenauts: Unlimited,
Poppy,"""They are rage, brutal, without mercy. But you. You will be worse.""",Resident Evil 7,Doom (2016),Tomb Raider,Amnesia,Doom (2016),
Poppy,"""The truth, Walker, is that you're here because you wanted to feel like something you're not: a hero.""",Spec Ops: The Line ,Call of Duty: Black Ops,Half-Life,Resident Evil 7,Spec Ops: The Line ,
Poppy,"""The numbers, Mason! What do they mean?""",Half-Life,Call of Duty: Black Ops,Resident Evil 3,Half-Life,Call of Duty: Black Ops,
Poppy,"""Stop it! Don't open that door!""",Call of Duty: Black Ops,Resident Evil,Five Nights at Freddy's,Abiotic Factor,Resident Evil,
Poppy,"""We're standing here for no reason, and one day we'll be gone for no reason.""",Pokémon Black and White,Baldur's Gate 3,Resident Evil 2,Skyrim,Pokémon Black and White,
Poppy,"""A belly flop is just a swan dive getting workshopped""",Portal 2,Super Mario RPG,Earthbound,Animal Crossing: New Horizons,Animal Crossing: New Horizons,
Poppy,"""Welcome to the family, son""",Outlast,Five Nights at Freddy's,Resident Evil 7,Amnesia,Resident Evil 7,
Poppy,"""Stranger?! Ha ha! What do ya' need that for? Goin' huntin' an elephant?""",Resident Evil,Resident Evil 2,Resident Evil 4,Resident Evil 7,Resident Evil 4,
Poppy,"""A man chooses. A slave obeys.""",BioShock,Devil May Cry,LoZ: Skyward Sword,Dark Souls,BioShock,
Poppy,"""Thank you so much for playing my game!""",Super Mario 64,Legend Of Zelda,Scribblenauts,Stanley Parable,Super Mario 64,
Poppy,"""I love fighting. I love adventuring.""",The Thousand-Year Door,Earthbound,Baldur's Gate,Super Mario Galaxy,The Thousand-Year Door,
Poppy,"""To help you remain tranquil in the face of almost certain death, smooth jazz will be deployed, in three, two, one.""",Portal,Portal 2,Half-Life,Half-Life 2,Portal 2,
Poppy,"""Ghosts! COMMIE GHOSTS!! WHAT DONT KNOW THEY'RE DEAD!""",Five Nights at Freddy's,Fallout: New Vegas,Half-Life,Metal Gear Solid V,Fallout: New Vegas,
Poppy,"""Hey, look. I've got some papers for you to shred. It has to be you for... legal reasons.""",Stanley Parable,Job Simulator,Dale & Dawson,Portal,Job Simulator,
Poppy,"""Thought you could outwit an onion?""",Portal 2,Stanley Parable,Date Everything!,Dark Souls III,Dark Souls III,
Poppy,"""If I were forced to sing those stupid songs for twenty years and I never got a bath? I'd probably be irritable at night too""",Portal,Five Nights at Freddy's,Abiotic Factor,Stanley Parable,Five Nights at Freddy's,
Poppy,"""Find all seven pages""",Five Nights at Freddy's,LoZ: Twilight Princess,Slender,Super Paper Mario Wii,Slender,
Poppy,"""Do you want to ford the river, caulk the wagon and float it, or take a ferry?""",Undertale,Super Mario RPG,Oregon Trail,Slender,Oregon Trail,
Poppy,"""The Light Prognosticus is false. The Dark Prognosticus holds the answer to eliminating heroes that rise to stop us""",Baldur's Gate 3,Super Paper Mario Wii,LoZ: Twilight Princess,Devil May Cry,Super Paper Mario Wii,
Poppy,"""From now on, we'll call it... Grooseland!""",LoZ: Majora's Mask,Deltarune: Chapter 3,Date Everything!,LoZ: Skyward Sword,LoZ: Skyward Sword,
Poppy,"""I need to make sure my finger-pointing is sufficiently dramatic for when I need to use it!""",Phoenix Wright: Ace Attorney,LoZ: Skyward Sword,Hatoful Boyfriend,Super Paper Mario Wii,Hatoful Boyfriend,
Poppy,"""If something smells, it's usually the Butz."" ",Banjo-Kazooie,Deltarune: Chapter 4,Earthbound,Phoenix Wright: Ace Attorney,Phoenix Wright: Ace Attorney,
Poppy,"""Your entire life has been a mathematical error. A mathematical error I'm about to correct."" ",Half-Life,Stanley Parable,Portal,Portal 2,Portal,
Poppy,"""Ya know...maybe that's gonna be my superhero name now. ""Sad-Man.""""",Banjo-Kazooie,Super Mario Galaxy 2,Animal CrossingNew Horizons,Conker's Day Off,Animal Crossing: New Horizons,
Poppy,"""Rise and... shine. Not that I... wish to imply you have been sleeping on the job.""",Portal 2,Stanley Parable,Half-Life,Super Paper Mario Wii,Half-Life,
Poppy,"""You cannot sleep now, there are monsters nearby.""",LoZ: Skyward Sword,Abiotic Factor,Terraria,Minecraft,Minecraft,
Poppy,"""The air is getting colder around you...""",Abiotic Factor,Minecraft,Terraria,Devil May Cry,Terraria,
Poppy,"""Let me guess. Someone stole your sweetroll.""",Skyrim,Baldur's Gate 3,Majora's Mask,Super Paper Mario Wii,Skyrim,
Poppy,"""Where's everybody going? Bingo?""",Call of Duty: Black Ops,Resident Evil 4,Metal Gear Solid V,Devil May Cry,Resident Evil 4,
Poppy,"""Your world is such a cool place! If only I weren't a...sign.""",Super Mario Galaxy,Conker's Day Off,Majora's Mask,Stanley Parable,Super Mario Galaxy,
Poppy,"""I am Error""",Legend of Zelda,Zelda II: The Adventure of Link,LoZ: Faces of Evil,LoZ: Minish Cap,Zelda II: The Adventure of Link,
Poppy,"""That's obese!~""",Ring Fit Adventure,Wii Sports,Wii Fit,Just Dance 2,Wii Fit,
Poppy,"""Dear Mario, I'll be waiting for you at the castle on the night of the Star Festival""",Super Mario 64,Super Mario Sunshine,Super Mario Galaxy,Super Paper Mario Wii,Super Mario Galaxy,
Poppy,"""I like all kinds of people: black, white, Asian, Hispanic, Arab... and those people with all those letters? Y'know, Ligibitiqua!""",Date Everything!,Deltarune,Doki Doki Literature Club,Hatoful Boyfriend,Date Everything!,
Poppy,"""We'd like some help Bottles, what do we do?""",Super Mario Sunshine,Deltarune,Banjo-Kazooie,Ratchet & Clank,Banjo-Kazooie,
Poppy,"""MIKE! REBUILD THE SET! REBUILD MY KIDS!""",Deltarune: Chapter 1,Deltarune: Chapter 2,Deltarune: Chapter 3,Deltarune: Chapter 4,Deltarune: Chapter 3,
Poppy,"""A.. arms? Wh.. who needs arms with legs like these?""",Banjo-Kazooie,Undertale,Rampage Wii,Surgeon Simulator,Undertale,
Poppy,"""Employee # 427’s job was simple: he sat at his desk in room 427 and he pushed buttons on a keyboard.""",Undertale,Stanley Parable,Job Simulator,Dale & Dawson,Stanley Parable,
Prof Puppet special,Match the stock photo animal to the muppet that is that species,,,,,,
Prof. Puppet,At which of these New York City museums can I see a permanent Jim Henson exhibit?,Metropolitan Museum of Art,The Museum of Broadway,Museum of the Moving Image,The Henson Foundation,Museum of the Moving Image,
Prof. Puppet,Which of these famous sci-fi robots tap danced on The Muppet Show?,Robot from Lost in Space,C-3PO,T-800,Hal 9000,C-3PO,
Prof. Puppet,"According to Kermit, what was the first Muppet alien to be ""drunk on television?""",The Spooble,The Googus,The Scoopinator,The Merdlidop,The Spooble,
Prof. Puppet,What part of the building do Bert and Ernie live on in 123 Sesame Street?,The basement,The sub-basement,The first floor,The second floor,The sub-basement,
Prof. Puppet,"Which Sesame Street character describes themselves as ""lovable, furry, old _____""?",Elmo,Cookie Monster,Grover,Herry,Grover,
Prof. Puppet,Bert is President of the National Association of what?,W-Lovers,9-Lovers,Square-lovers,Beige-Lovers,W-Lovers,
Prof. Puppet,What is Elmo's Goldfish's name?,Debbie,Doris,Dorothy,Dora,Dorothy,
Prof. Puppet,"Which muppet on ""Sesame Street"" was originally designed with a fruit bat in mind?",Abby,Count von Count,Telly Monster,Rosita,Rosita,
Prof. Puppet,How old is Elmo?,3,3 and a half,4,4 and a half,3 and a half,
Prof. Puppet,Which of these is Big Bird NOT taller than?,1 1/4 Shaquille O'Neals,8 regulation footballs,12 Pringle Cans,0.5% of Empire State Building,12 Pringle Cans,
Prof. Puppet,Which of these classic Jim Henson works appeared first?,Sesame Street,Fraggle Rock,The Muppet Show,Dark Crystal,Sesame Street,
Prof. Puppet,How do Ernie and Bert sleep?,"Same room, different beds","Same room, same bed","Different rooms, different beds",We never see them sleep,"Same room, different beds",
Prof. Puppet,Big Bird has a teddy bear. What is his name?,Radar,Snuffy,Dorothy,Teddy,Radar,
Prof. Puppet,What is the name of the tiny insect family that lives in Ernie's window box?,Twiddlebugs,Tweedlebugs,Widdlebugs,Teenybugs,Twiddlebugs,
Prof. Puppet,What is the name of the muppet trash man who carries Oscar's can around when Oscar needs to go somewhere?,Bruno,Douglas,Gregory,Gus,Bruno,
Prof. Puppet,"In the animated Sesame Street short ""The Alligator King"", how many sons does the Alligator King have?",5,6,7,8,7,
Prof. Puppet,Who doesn't live in a trash can?,Oscar,Fluffy,Slimy,Telly,Telly,
Prof. Puppet,What is the name of the store on Sesame Street?,Harper's,Hooper's,Harold's,Hanky's,Hooper's,
Prof. Puppet,Cookie Monster hosts Monsterpiece Theater under which alias?,Aristotle Cookie,Alistair Cookie,Eunice Cookie,Gerard Cookie,Alistair Cookie,
Prof. Puppet,What was the Sesame Street parody of Game of Thrones called?,Game of Chairs,Shape of Thrones,Game of Tones,Board Game of Thrones,Game of Chairs,
Prof. Puppet,Zoe and Telly from Sesame Street share which last name?,Monster,Sesame,Street,Muppet,Monster,
Prof. Puppet,"Finish the lyric: Sunny Day, Sweeping the clouds away, on my way to where __________""",The air is sweet,The weather's nice,The sun shines,The birds sing,The air is sweet,
Prof. Puppet,"Who was the host for the segment Sesame Street short, ""News Flash""?",Kermit the Frog,Guy Smiley,Big Bird,Grover,Kermit the Frog,
Prof. Puppet,Which of these magical-sounding names are a Muppet on Sesame Street?,Alfred A. Kazam,Abby Cadabby,Odie Sesame,Bippity Boo,Abby Cadabby,
Prof. Puppet,"In the theme song, which of these words are not used to describe The Muppet Show?",inspirational,Sensational,Celebrational,Creational,Creational,
Prof. Puppet,What is Scooter's rich uncle who owns the theater named?,J. P. Grosse,J.T. Goose,J.B. Gauss,J.D. Grasse,J. P. Grosse,
Prof. Puppet,Who is the wife of Waldorf?,Astoria,Annabelle,Alice,Abigail,Astoria,
Prof. Puppet,"Who does NOT appear in the Muppet Sketch series, Veterinarian's Hospital",Janice,Rowlf,Wanda,Miss Piggy,Wanda,
Prof. Puppet,"What were the two pink characters in the ""Mahna Mahna"" sketch known as?",The Birdos,The Woozles,The Yip Yips,The Snowths,The Snowths,
Prof. Puppet,Who replaced George the Janitor as the Muppet Show custodian?,Beauregard,Hilda,Waldorf,Gags Beezley,Beauregard,
Prof. Puppet,What was the name of Gonzo's main chicken friend?,Camilla,Chartreuse,Carmen,Candy,Camilla,
Prof. Puppet,What instrument does Zoot play?,Trumpet,Saxophone,French Horn,Trombone,Saxophone,
Prof. Puppet,Which of these is a muppet rat?,Pepe,Rizzo,Gonzo,Beauregard,Rizzo,
Prof. Puppet,What happened to Kermit that caused him to get amnesia in The Muppets Take Manhattan?,Hit by Miss Piggy,Hit by a car,Hit by a falling sandbag,Hit by a brick,Hit by a car,
Prof. Puppet,Muppets are a combination word of puppet and what else?,Marionette,Magic,Manic,Mischief,Marionette,
Prof. Puppet,Which of these country stars never appeared on the original Muppet Show?,Johnny Cash,John Denver,Roy Rogers,Willie Nelson,Willie Nelson,
Prof. Puppet,Hal Linden appeared on The Muppet Show and played a cop on which other TV show?,Kojak,Columbo,Barney Miller,Starsky & Hutch,Barney Miller,
Prof. Puppet,Which of these recurring Muppets plays the Muppaphone by striking little fluff ball Muppets?,Marvin Suggs,Nigel,Scooter,Dr Teeth,Marvin Suggs,
Prof. Puppet,Who did Liberace dedicate his performance to in the show?,Birds,Dogs,Cats,Frogs,Birds,
Prof. Puppet,Who turned Piggy into a statue?,Vincent Price,Tony Randall,John Cleese,Alice Cooper,Vincent Price,
Prof. Puppet,Miss Piggy and who else is a female pig singer?,Annie Sue,Janice,Hilda,Astoria,Annie Sue,
Prof. Puppet,"What alien planet did the Pigs in Space, and others, frequently travel to in The Muppet Show?",Spooble,Koozebane,Merdlidop,Gagglegloop,Koozebane,
Prof. Puppet,What is Cookie Monster's real name?,Sid,Bob,Fred,Nick,Sid,
Prof. Puppet,What product did the violent Muppets Wilkins and Wontkins advertise in 1957?,Gasoline,Coffee,Bread,Detergent,Coffee,
Prof. Puppet,What was the adult-themed title of the 1975 Muppet Show pilot?,Valentine Show,Come And Get Some,Sex and Violence,Seven Sins,Sex And Violence,
Prof. Puppet,Which terrifying film villain caused a 1976 Sesame Street episode to be banned?,Dracula,Wicked Witch,Frankenstein,Queen of Hearts,Wicked Witch,
Prof. Puppet,What material do the Doozers in Fraggle Rock build with?,Laundry Lint,Radish Sticks,Cavern Salt,Cave Mud,Radish Sticks,
Prof. Puppet,What household item did Jim Henson use for Kermit's original 1955 eyes?,Plastic Spoons,Coat Buttons,Ping-Pong Balls,Drawer Knobs,Ping-Pong Balls,
Prof. Puppet,"Danny Kaye played the Swedish Chef's uncle once, and revealed Chef's real name. What was it?",Rob,Sid,Juan,Tom,Tom,
Prof. Puppet,What color was Oscar the Grouch during his 1969 debut season?,Gray,Blue,Orange,Brown,Orange,
Prof. Puppet,What name do the Fraggles use to describe human beings?,Tall Strangers,Silly Creatures,Surface Walkers,Giant Noises,Silly Creatures,
Prof. Puppet,What day job was Frank Oz pursuing before Jim Henson hired him?,Taxidermist,Journalist,Ballroom Dancer,Chemistry Teacher,Journalist,
Prof. Puppet,Which puppet hosted the 1975 pilot before Kermit took over?,George,Nigel,Brewster,Sam,Nigel,
Prof. Puppet,In what year did adults on Sesame Street finally see Snuffleupagus?,1979,1982,1985,1989,1985,
Prof. Puppet,What was the name of Jim Henson's first televised puppet show in 1955?,Muppets Tonight,Sam And Friends,Puppet Time,Henson's Hour,Sam And Friends,
Prof. Puppet,What kind of mythical creature is the Muppet character Sweetums?,Dragon,Troll,Ogre,Goblin,Ogre,
Prof. Puppet,Which rock icon famously played Jareth the Goblin King in Henson's film Labyrinth?,Mick Jagger,Prince,David Bowie,Alice Cooper,David Bowie,
Prof. Puppet,What classic Muppet character did Jim Henson perform himself until his death in 1990?,Ernie,Bert,Fozzie Bear,Miss Piggy,Ernie,
Prof. Puppet,What specific bird species inspired the design of the Sesame Street puppet Big Bird?,Canary,Ostrich,Emu,Albatross,Canary,
Prof. Puppet,Which Fraggle Rock character lives outside the caves in the human workshop?,Gobo,Wembley,Sprocket,Mokey,Sprocket,
Prof. Puppet,What is the name of the character who plays the piano in the Muppet theater?,Fozzie,Rowlf,Rizzo,Gonzo,Rowlf,
Speed Date Kate SPecial,,,,,,,
Speed Date Kate,"In what year did ""The Dress"" photo cause a global online argument over its colors?",2013,2015,2017,2019,2015,
Speed Date Kate,"What year did the viral ""Yanny or Laurel"" audio clip divide the internet?",2014,2016,2018,2020,2018,
Speed Date Kate,What year did the cargo ship Ever Given block global trade by getting stuck in the Suez Canal?,2019,2020,2021,2022,2021,
Speed Date Kate,"In what year did an Italian artist sell a completely invisible sculpture for over $18,000?",2015,2018,2021,2023,2021,
Speed Date Kate,"What year did the internet overwhelmingly vote to name a British research ship ""Boaty McBoatface""?",2012,2014,2016,2018,2016,
Speed Date Kate,What year did Geraldo Rivera broadcast the live opening of Al Capone’s completely empty secret vault?,1982,1986,1990,1994,1986,
Speed Date Kate,What year did Untitled Goose Game become a viral sensation for letting players ruin everyone's day?,2015,2017,2019,2021,2019,
Speed Date Kate,What year did the Guggenheim Museum install a fully functional 15-pound solid gold toilet?,2010,2013,2016,2019,2016,
Speed Date Kate,In what year did Nicolas Cage buy a stolen dinosaur skull at an art auction?,2003,2007,2012,2015,2007,
Speed Date Kate,"What year did the Swedish military realize their suspected ""Russian submarines"" were actually farting herrings?",1982,1996,2004,2011,1996,
Speed Date Kate,What year was the pop duo Milli Vanilli stripped of their Grammy Award for lip-syncing?,1988,1989,1990,1992,1990,
Speed Date Kate,"What year did Burger King advertise a fake ""Left-Handed Whopper"" for April Fools' Day?",1990,1994,1998,2002,1998,
Speed Date Kate,"What year did millions of internet users sign up to ""Storm Area 51""?",2016,2017,2019,2021,2019,
Speed Date Kate,What year did pitcher Doc Ellis throw a Major League Baseball no-hitter while on LSD?,1967,1970,1973,1976,1970,
Speed Date Kate,In what year did Oregon authorities use a half-ton of dynamite to blow up a dead whale?,1962,1970,1978,1984,1970,
Speed Date Kate,In what year was La La Land mistakenly announced as Best Picture over Moonlight?,2015,2016,2017,2018,2017,
Speed Date Kate,"What year did the Australian military officially lose the ""Great Emu War"" to wild birds?",1914,1928,1932,1945,1932,
Speed Date Kate,What year did a virtual plague glitch completely wipe out cities in World of Warcraft?,2002,2005,2008,2010,2005,
Speed Date Kate,What year did Ozzy Osbourne famously bite the head off a live bat during a concert?,1978,1980,1982,1985,1982,
Speed Date Kate,What year did a 25-foot wave of molasses flood the streets of Boston?,1905,1912,1919,1926,1919,
Speed Date Kate,In what year did the Titanic Sink?,1910,1912,1915,1918,1912,
Speed Date Kate,In what year was Apple founded?,1976,1978,1980,1979,1976,
Speed Date Kate,In what year did the first Academy Awards ceremony take place?,1922,1937,1931,1929,1929,
Speed Date Kate,In what year was Amazon founded?,1993,1995,1994,1990,1994,
Speed Date Kate,In what year did Constantinople fall to the Ottomans?,1450,1419,1453,1396,1453,
Speed Date Kate,In what year was Barack Obama inaugurated as President of the United States?,2007,2008,2009,2010,2009,
Speed Date Kate,In what year was Minecraft released?,2009,2004,2001,1999,2009,
Speed Date Kate,In what year did the Fukushima nuclear accident occur?,2010,2011,2012,2013,2011,
Speed Date Kate,In what year did Freddie Mercury pass away?,1995,1994,1992,1991,1991,
Speed Date Kate,In what year did Elvis Presley die?,1970,1973,1975,1977,1977,
Speed Date Kate,In what year was JFK assassinated?,1962,1963,1967,1968,1963,
Speed Date Kate,In what year did Michael Jackson die?,2008,2009,1998,1999,2009,
Speed Date Kate,In what year did John Lennon die?,1980,1981,1982,1983,1980,
Speed Date Kate,In what year was the first iPhone released?,2007,2008,2006,2005,2007,
Speed Date Kate,In what year was the movie Love Actually released?,2002,2003,2004,2005,2003,
Speed Date Kate,In what year was Back To The Future released?,1982,1983,1984,1985,1985,
Speed Date Kate,In what year was Home Alone released?,1988,1989,1990,1991,1990,
Speed Date Kate,"In what year was ""Oops!... I Did It Again"" released by Britney Spears?",1999,2000,2002,2001,2000,
Speed Date Kate,In what year was the first hot air balloon flight?,1783,1871,1728,1771,1783,
Speed Date Kate,In what year did a computer beat a chess grandmaster at chess?,1987,1997,2007,2017,1997,
Speed Date Kate,"In what year did Richard Nixon declare that he is 'not a crook', at Disney World of all places?",1969,1970,1973,1979,1973,
Speed Date Kate,In what year did Alex Trebek start hosting Jeopardy?,1975,1981,1984,1989,1984,
Speed Date Kate,"What year did ""Here comes dat boi"" memes unicycle into existence?",2008,2011,2015,2019,2015,
Speed Date Kate,In what year did Dungeons and Dragons release?,1974,1979,1984,1989,1974,
Speed Date Kate,In what year did Danny Devito become old enough to drink alcohol?,1944,1959,1965,1970,1965,
Speed Date Kate,What year did Google emerge?,1990,1994,1997,2001,1997,
Speed Date Kate,What year did Barbenhiemer happen?,2020,2022,2023,2025,2023,
Speed Date Kate,In what year did the Berlin Wall fall?,1985,1987,1989,1991,1989,
Speed Date Kate,What year did World War II end?,1944,1945,1946,1947,1945,
Speed Date Kate,What year will Halley's Comet appear in the skies over Earth for the first time in the 3rd millennium?,2036,2061,2097,2312,2061,
Speed Date Kate,What year did some wacko try to rename french fries to Freedom Fries?,1999,2003,2005,2009,2003,
Speed Date Kate,What year did the character Sherlock Holmes first appear in print?,1887,1899,1901,1909,1887,
Speed Date Kate,What year did MySpace go online?,1999,2001,2003,2005,2003,
Speed Date Kate,What year was the Ford Model T introduced to the world?,1898,1902,1908,1914,1908,
Speed Date Kate,What year did Titanic hit theaters?,1994,1997,1999,2000,1997,
Speed Date Kate,What year did PSY release Gangnam Style?,2009,2011,2012,2014,2012,
Speed Date Kate,"What year did The 21st Amendment pass, allowing Americans to legally booze again?",1927,1929,1931,1933,1933,
Speed Date Kate,What year did The Chicago Cubs win the World Series for the first time in 108 years?,2009,2011,2015,2018,2015,
Speed Date Kate,When was Taylor Swift born?,1985,1987,1988,1989,1989,
Speed Date Kate,In what year did Mattel release Barbie?,1959,1963,1968,1971,1959,
Special - Spendingwise The Savings Clown,Behind the make-up: Match the clown persona to their real name or who plays them,,,,,,
Spendingwise The Savings Clown,Which of these trivia Jackbox games has a jester as a playable character?,Trivia Murder Party,Trivia Murder Party 2,Timejinx,Fibbage XL,Trivia Murder Party 2,
Spendingwise The Savings Clown,"Harley Quinn suggestively said ""Don't you wanna rev up your Harley?"" in which Batman media?",Batman: The Animated Series,Batman Beyond,The New Batman Adventures.,The Batman,The New Batman Adventures.,
Spendingwise The Savings Clown,What is the Mask called first in the 1990s comic book series The Mask?,Big Face,Big Head,Big Papa,The Mask,Big Head,
Spendingwise The Savings Clown,"In clowning, there's an old archetype of clown duo. One is called whiteface, and what less (I hope) problematic partner?",Grotesque,Character,Court Jester,Auguste,Auguste,
Spendingwise The Savings Clown,"What does the clown prop, lota bowl, do?",Make flowers from nowhere,Safely catch on fire,Produce extreme wind,Produce endless water,Produce endless water,
Spendingwise The Savings Clown,"The Doctor Who serial “The Greatest Show in the Galaxy"" featured which Doctor?",6,7,8,9,7,
Spendingwise The Savings Clown,"Captain Spaulding, despite his clown appearance, is particularly associated with what other occupation?",Carnival Barker,Truck Driver,Butcher,Bartender,Carnival Barker,
Spendingwise The Savings Clown,"The Twilight Zone episode “Five Characters in Search of an Exit,” has a clown in it! Which of these others do NOT appear?",Ballet Dancer,Cowboy,Bagpiper,Army Major,Cowboy,
Spendingwise The Savings Clown,"Who sings ""Send in the Clowns"" on The Muppet Show?",Carol Channing,Phyllis Diller,Judy Collins ,Steve Martin,Judy Collins ,
Spendingwise The Savings Clown,"The novel, Ansichten Eines Clowns, known in English as ""The Clown"" was written by who?",Friedrich Dürrenmatt,Jean-Paul Sartre,Erich Kästner,Heinrich Böll,Heinrich Böll,
Spendingwise The Savings Clown,"WHich video games is the killer clown, Jeffrey Hawk from?",Dead by Daylight,Outlast,Five Nights at Freddy's,Amnesia: A Machine for Pigs,Dead by Daylight,
Spendingwise The Savings Clown,Which Five Nights at Freddy's game is Circus Baby from?,Sister Location,Security Breach,Help Wanted,Five Nights at Freddy's 2,Sister Location,
Spendingwise The Savings Clown,Which decade was the Whoopee Cushion invented in?,1920s,1930s,1960s,1980s,1930s,
Spendingwise The Savings Clown,"In clowning terminology, what does a “double act” have in it?",Balancing on two balls,Two concurrent acts,Two simultaneous acts,Two clowns,Two clowns,
Spendingwise The Savings Clown,"To clowns, what is a “red ball” generally understood to refer to?",Red nose,Juggling ball,Giant balancing ball,Magic trick sponges,Red nose,
Spendingwise The Savings Clown,What is the last name of the child Pennywise kills at the beginning of the 2017 film?,Hanscom,Denbrough,Marsh,Tozier,Denbrough,
Spendingwise The Savings Clown,"Which of these are not character types in clowning precursor, commedia dell'arte?",Harlequin,Vecchi:,Paccheri,Innamorati,Paccheri,
Spendingwise The Savings Clown,Which film did Art the Clown first appear?,Terrifier,Terrifier 2,All Hallows' Eve,The 9th Circle,The 9th Circle,
Spendingwise The Savings Clown,"The term ""slapstick"" comes from the Italian batacchio, a prop used to get what effect?",Makes a loud sound,Smacks people,Spray water,Disappears in a magic trick,Makes a loud sound,
Spendingwise The Savings Clown,The classic clown flower that sprays water is traditionally worn where?,Behind the ear,On the lapel,In eyeglasses,As a necklace,On the lapel,
Spendingwise The Savings Clown,"Which 19th-century performer is often called the ""father of modern clowning""?",John Rich,Jean-Gaspard Deburau,Joseph Grimaldi,Buster Keaton,Joseph Grimaldi,
Spendingwise The Savings Clown,Which of these slightly misspelled Musk things are a Swiss clown from the 20th century?,Tessla,Exxe,Eolong,Grock,Grock,
Spendingwise The Savings Clown,"Koko the Clown, one of the earliest famous animated clowns, originated in which series?",Felix the Cat,Alice Comedies,Out of the Inkwell,Laugh-O-Gram,Out of the Inkwell,
Spendingwise The Savings Clown,"If a clown were to time travel to 12th century England and wanted a pie in the face, what would they actually get?","A ""pudding"" full of blood","A ""byscuit"" full of fruit","A ""tarte"" full of veggies","A ""coffyn"" full of meat","A ""coffyn"" full of meat",
Spendingwise The Savings Clown,What year did Bozo the Clown first appear on television?,1946,1949,1952,1956,1949,
Spendingwise The Savings Clown,Who is Joseph Frank Bruce better known as?,Southwest Strangla,Juggla,Shaggy 2 Dope,Violent J,Violent J,
Spendingwise The Savings Clown,"If you add up all of Pennywise's dialog in It (2017), how long does that clown yap during the entire movie?",4 minutes,8 minutes,16 minutes,25 minutes,4 minutes,
Spendingwise The Savings Clown,On what medium was Bozo the Clown's first appearance?,Television,FIlm,A Record,Live Performance,A Record,
Spendingwise The Savings Clown,"When was the first definition of ""clussy"" get posted to Urban Dictionary?",2017,2019,2022,2024,2017,
Spendingwise The Savings Clown,"Which balloon animal is the easiest to make, and serves as the foundation for other shapes?",Cat,Dog,Giraffe,Alligator,Dog,
Spendingwise The Savings Clown,What size of twisting balloon do I need to make you a classic balloon dog?,160,260,360,660,260,
Spendingwise The Savings Clown,What is a chapiteau?,A Circus tent,A type of clown,A type of balloon,A Cotton candy maker,A Circus tent,
Spendingwise The Savings Clown,Who is the clown sheep in Animal Crossing?,Ankha,Pietro,Coco,Rover,Pietro,
Spendingwise The Savings Clown,"The most powerful clown in the world, Donald Trump, was born where?",Manhattan ,Brooklyn,Queens,The Bronx,Queens,
Spendingwise The Savings Clown,"When Ronald McDonald first appeared on TV in 1963, what was his title?",The Cheesy Burger Clown,The Hamburger-Happy Clown,The Silly Burger Slinger,The Bringer of Burger Joy,The Hamburger-Happy Clown,
Spendingwise The Savings Clown,"In The Simpsons, what was Krusty the Clown's father's job?",Priest,Minister,Rabbi,Clown,Rabbi,
Spendingwise The Savings Clown,"In The Amazing Digital Circus, what is the color of Ponmi's eyes?",Red,Blue,Red and Blue,Purple,Red and Blue,
Spendingwise The Savings Clown,"In The Amazing Digital Circus, what was Pomni's occupation before entering the Digital Circus?",Court Jester,Barista,Accountant,Sheriff,Accountant,
Spendingwise The Savings Clown,"In Deltarune Chapter 1, what song plays when you fight Jevil, the court jester turned mad?",Megalovania,THE WORLD REVOLVING,Rude Buster,BIG SHOT,THE WORLD REVOLVING,
Spendingwise The Savings Clown,"The word pantomime comes from the ancient Greek word pantomimos, meaning what?",Imitator of all,Actor without props,Silent clown,He who uses movement,Imitator of all,
Spendingwise The Savings Clown,"In the 2000 DC Comics storyline ""Emperor Joker,"" what does The Joker eat?",Batman,The Eiffel Tower,Gotham City,The entire population of China,The entire population of China,
Spendingwise The Savings Clown,Which of these clowns do NOT appear in the horror film Killer Klowns from Outer Space?,Shortly,Tiny,Slim,Jumbo,Tiny,
Spendingwise The Savings Clown,"In the song from Nightmare Before Christmas, ""This is Halloween"", they sing about a clown with a what?",A blood-red nose,A smile filled with worms,Fingers like daggers,the Tear-Away Face,the Tear-Away Face,
Spendingwise The Savings Clown,"In Brave Little Toaster, there's a nightmare sequence about a clown performing as which occupation?",Welder,Surgeon,Firefighter,Police,Firefighter,
Spendingwise The Savings Clown,"It is the first Stephen King work set in Derry, Maine. What is the second one?",Bag of Bones ,"Secret Window, Secret Garden",Pet Sematary ,Insomnia,"Secret Window, Secret Garden",
Spendingwise The Savings Clown,"In Batman, which villain was originally known as the Red Hood before becoming the Joker?",Jack Napier,Edward Nygma,Oswald Cobblepot,Harvey Dent,Jack Napier,
Spendingwise The Savings Clown,"Which of these actors played the Joker, and refused to shave his mustache, instead painting over it?",Joaquin Phoenix,Heath Ledger,Jared Leto,Cesar Romero,Cesar Romero,
Spendingwise The Savings Clown,What are those bottle-shaped juggling thingies called?,Batons,Bottles,Clubs,Wands,Clubs,
Spendingwise The Savings Clown,Which of these iconic clowns were originally meant to die in their second appearance?,Harley Quinn,The Joker,Pagliacci,Krusty the Clown,The Joker,
Spendingwise The Savings Clown,"When ICP first formed, ICP did not stand for ""Insane Clown Posse"". What did it stand for?",Inner City Posse,Impish Cupid Posse,Inner Claw Posse,I Can't Pee,Inner City Posse,
Spendingwise The Savings Clown,Which of these operas include a clown?,Der Roland von Berlin,Zazà,Chatterton,Pagliacci,Pagliacci,
Spendingwise The Savings Clown,"Flint Rasmussen, Slim Pickens, Quail Dobbs are all examples of what type of clown?",Mime,Juggler,Rodeo,Jester,Rodeo,
Spendingwise The Savings Clown,What is James Stewart's character from 'The Greatest Show on Earth'?,Bozo,Buttons,Billy,Bentley,Buttons,
Spendingwise The Savings Clown,What was Ronald McDonald replaced by?,A living happy meal,A living burger,A living playplace,A living drive-thru,A living happy meal,
Spendingwise The Savings Clown,"Where is the hotel and casino, Circus Circus?",Las Vegas,Atlantic City,New York CIty,Los Angeles,Las Vegas,
Spendingwise The Savings Clown,The Killer Klowns from Outer Space entrap their prey in what?,Popcorn,Cotton Candy,Balloons,Flaming rings,Cotton Candy,
Spendingwise The Savings Clown,"What is the clown from PBS cartoon, Arthur named?",Popcorn,Party,Pickles,Pom Pom,Pickles,
Spendingwise The Savings Clown,Which clown's real name is Herschel Shmoikel Pinchas Yerucham Krustofsky?,The Joker,Bozo,Pennywise,Krusty the Clown,Krusty the Clown,
Spendingwise The Savings Clown,What is the fear of clowns called?,Chrometophobia,Cynophobia,Coulrophobia,Climacophobia,Coulrophobia,
Spendingwise The Savings Clown,What was John Wayne Gacy's clown persona called?,Yoyo the Clown,Dodo the Clown,Bobo the Clown,Pogo the Clown,Pogo the Clown,
Spendingwise The Savings Clown,Which of these clowns was one of the main models for 'Uncle Sam'?,George Carl,Dan Rice,Emmett Kelly,Johnny Tatum,Dan Rice,
Spendingwise The Savings Clown,The oldest record of a clown dates back to around 2500 B.C. Which country was he from?,Egypt,Japan,Rome,China,Egypt,
The Star of the Show - special,Show-Stopping Number - Numerical answers,,,,,,
The Star of the Show,What canon year does the Battle of Yavin take place in Star Wars?,100 ABY,0 ABY,54 ABY,67 ABY,0 ABY,
The Star of the Show,What are the lil Jedi children that Anakin kills called?,Yunstirs,Children,Younglings,Whippersnappers,Younglings,
The Star of the Show,"What is the actual name of ""Baby Yoda""? ",Gutsy,Yoda II,Gabba,Grogu,Grogu,
The Star of the Show,"Which Star Wars character says ""So this is how liberty dies. With thunderous applause.""?",Padme Amidala ,Anakin Skywalker,Palpatine,Princess Leia,Padme Amidala ,
The Star of the Show,What dirty word is a musical genre in the Star Wars universe?,Cumm,Jizz,Splooge,Seed,Jizz,
The Star of the Show,What is the name of Boba Fett's ship?,Slave I,Millenium Falcon,Star Destroyer,TIE-Fighter,Slave I,
The Star of the Show,What is BB-8?,A flat rectangle,A pyramid,A sphere,A cube,A sphere,
The Star of the Show,What order does Palpatine give to kill the Jedi?,Order 65,Order 67,Order 66,Order 69,Order 66,
The Star of the Show,What does Han Solo stuff Luke Skywalker inside of to keep him warm?,Bantha,Blurrg,Wampa,Tauntaun,Tauntaun,
The Star of the Show,Who killed Qui-Gon Jinn?,Darth Maul,Darth Vader,Darth Sidius,Darth Plaugus,Darth Maul,
The Star of the Show,Which real-world person was Yoda's eyes modeled from?,Charlie Chaplin,Albert Einstein,Groucho Marx,Issac Newton,Albert Einstein,
The Star of the Show,Who do the Ewoks mistake for a god?,Luke Skywalker,Darth Vader,C-3PO,R2D2,C-3PO,
The Star of the Show,Which body part did Luke lose in the battle with Darth Vader?,A chunk of his chest,His leg,His hand,His head,His hand,
The Star of the Show,What is the registry number of the famous USS Enterprise commanded by Captain James T. Kirk?,NCC-1701,NW-1899,SOS-942,NA-9127,NCC-1701,
The Star of the Show,What holiday is celebrated in The Star Wars Holiday Special?,Light Day,Life Day,Learning Day,Lie Day,Life Day,
The Star of the Show,What shape is the Borg's space ship?,Cube,Sphere,Triangle,Disc,Cube,
The Star of the Show,What is Captain Jean-Luc Picard's favorite tea that is made by the replicator?,English Breakfast,Earl Grey,Chai,Green Tea,Earl Grey,
The Star of the Show,What is the Emergency Medical Hologram (EMH) aboard the USS Voyager called?,The Surgeon,The Medic,The Doctor,The Nurse,The Doctor,
The Star of the Show,"Before Han Solo's popularity, there was another space smuggler. What is Jaxxon's deal?",He's a blue badger,He's a green rabbit,He's a pink cat,He's a purple wolf,He's a green rabbit,
Ultra Maria Sisters - special,Question Block - Match the item to the video game,,,,,,
Ultra Maria Sisters,Which of these is a chill scuba-diving sim for the Nintendo Wii?,Endless Ocean,Forever Ocean,Bottomless Ocean,Infiniate Ocean,Endless Ocean,
Ultra Maria Sisters,"What is the first race of the Mushroom Cup in ""Mario Kart: Super Circuit""",GBA Luigi Circuit,GCN Yoshi Circuit,GBA Mario Circuit,GBA Peach Circuit,GBA Peach Circuit,
Ultra Maria Sisters,Which of these Wario Ware games were released for the Game Boy Advance?,WarioWare: Touched!,WarioWare: Smooth Moves,WarioWare: Twisted!,WarioWare Gold,WarioWare: Twisted!,
Ultra Maria Sisters,"Complete the tagline for the DS game, Brain Age. ""_____ in Minutes a Day.""",Exercise your brain,Grow your brain,Train Your Brain,Flex your brain,Grow your brain,
Ultra Maria Sisters,"Fill in the blank to complete the DS title: ""_________ Tingle's Rosy Rupeeland""",Organic,Freshly-Picked,Cage-Free,Wholesome,Freshly-Picked,
Ultra Maria Sisters,Which of these Wii titles are NOT real?,Wii Play,Wii Music,Wii Chess,Wii Cooking,Wii Cooking,
Ultra Maria Sisters,Which of these titles have heartless developers that made a dog or dog-like character that you cannot pet?,Luigi's Mansion 3,Fire Emblem Engage,Pokémon Sword & Shield,LoZ: Breath of the Wild,LoZ: Breath of the Wild,
Ultra Maria Sisters,Which of these titles don't have milk as an inventory item?,Tomodachi Life: LtD,LoZ: Skyward Sword,Paper Mario,LoZ: Ocarina of Time,Skyward Sword,
Ultra Maria Sisters,Who is NOT playable in any Super Smash Bros game?,Waluigi,Piranha Plant,Duck Hunt,Pac-Man,Waluigi,
Ultra Maria Sisters,Which of these boards in Super Mario Party Jamboree return from Mario Party 2?,Goomba Lagoon,Roll 'em Raceway,Mario's Rainbow Castle,Western Land,Western Land,
Ultra Maria Sisters,"How many Pokémon are in the standard, base-game Pokopia Pokédex?",200,300,400,500,300,
Ultra Maria Sisters,"In ""Hey You, Pikachu,"" what device does Professor Oak give you?",PokeDex,PokeFinder,PokeHelper,PokePod,PokeHelper,
Ultra Maria Sisters,Which Kanto Pokemon of the following can learn Psychic in the original first generation games by some means?,Charizard,Raichu,Magmar,Flareon,Magmar,
Ultra Maria Sisters,"What is the name of the island in Wii Sports: Resort, that also appears in Wii Fit and Mario Kart 7?",Wuhu Island,Wowwow Island,Huraay Island,Uhn-huh Island,Wuhu Island,
Ultra Maria Sisters,"In Tomodachi Life: Living the Dream, which of these gifts will cure sadness instantly?",Any pet,Travel ticket,Bath set,Big diamond,Travel ticket,
Ultra Maria Sisters,What is the best-selling Nintendo exclusive game of all time?,Super Mario Bros,Mario Kart 8 Deluxe,Wii Sports,Animal Crossing: New Horizons,Wii Sports,
Ultra Maria Sisters,Which of the following games did Mario creator Shigeru Miyamoto NOT design?,Donkey Kong,Kid Icarus,Excitebike,The Legend of Zelda,Kid Icarus,
Ultra Maria Sisters,What is the first game with Princess Zelda as a playable character?,Ocarina of Time,Wand of Gamelon,Super Smash Bros. Melee,Super Smash Bros. Brawl,Wand of Gamelon,
Ultra Maria Sisters,"Not counting the Switch, what is the best-selling Nintendo handheld of all time?",Game Boy,Game Boy Advance,DS,3DS,DS,
Ultra Maria Sisters,Which pro baseball team did Nintendo become majority owner of in 1992?,Seattle Mariners,Oakland Athletics, Kansas City Royals,Tampa Bay Rays,Seattle Mariners,
Ultra Maria Sisters,What is the name of Nintendo's first-ever 'Game & Watch' title?,Oil Panic,Ball,Mario Bros,Egg,Ball,
Ultra Maria Sisters,"What was the first NES game to use the ""Konami Code""?",Contra,Life Force,Gradius,R-Type,Gradius,
Ultra Maria Sisters,"While developing Metroid, Co-creator Yoshio Sakamoto called this movie a “huge influence” for the enemy design.",Star Wars,Predator,Alien,Galaxy of Terror,Alien,
Ultra Maria Sisters,When was Nintendo founded?,1979,1969,1959,1889,1889,
Ultra Maria Sisters,"Before settling on video games, which of these industries did Nintendo NEVER dip their toes in?",Love hotels,Instant Rice,Taxis,Calligraphy pens,Calligraphy pens,
Ultra Maria Sisters,"What was the first Nintendo game to have a ""save game"" feature?",Legend Of Zelda,Metroid,Final Fantasy,Dragon Warrior,Legend Of Zelda,
Ultra Maria Sisters,Who is Mario named after?,Nintendo's actual landlord,Nintendo's actual plumber,Nintendo's actual founder,Nintendo's US branch head,Nintendo's actual landlord,
Ultra Maria Sisters,"In the way back, Nintendo made Hanafuda. What is that?",Playing cards,Poker chips,A condiment,Rice,Playing cards,
Ultra Maria Sisters,What is Yoshi's full name?,Yoshimedus Bach-Mozart,Yoshithon B. Yumyums,Yoshisaur Munchikoopas,Yoshi,T. Yoshisaur Munchikoopas,
Ultra Maria Sisters,"Besides small bug fixes, what is an in-game difference between the gold Ocarina of Time cartridge and other versions?",Ocarina songs are different,Navi is a different color,Ganondorf spits red blood,You get less health,Ganondorf spits red blood,
Ultra Maria Sisters,"You can fight Donkey Kong in Punch-Out Wii. Who else did they consider adding, but decided not to?",Princess Peach,Rosalina,Samus,Isabelle,Princess Peach,
Ultra Maria Sisters,"The song used for Twinkle Elementary School was reworked for the menu theme in Earthbound, and which other game?",Wii Photo Channel,De Blob,Simcity,Gameboy Camera,Gameboy Camera,
Ultra Maria Sisters,Which of these brands unsuccessfully sued Nintendo?,Apple,Disney,LEGO,McDonald's,LEGO,
Ultra Maria Sisters,"If Nintendo could get the rights to this cartoon character, they never would've designed Mario.",Spider-Man,Popeye,He-Man,Papa Smurf,Popeye,
Ultra Maria Sisters,"Gunpei Yokoi, inventor of the Game Boy and creator of Metroid and Kid Icarus, also invented Ultra-Hand. What is that?",Basically the Power Glove,A precursor to the Frisbee,An extending grabber toy,Gloves with LEDs in them,An extending grabber toy,
Ultra Maria Sisters,Nintendo decided to let another company make official Nintendo games for the CD-i. Who was it?,Atari,Apple,Sony,Phillips,Phillips,
Ultra Maria Sisters,"Due to an infamous glitch, who can you play as in Super Smash Bros. Melee?",Sonic the Hedgehog,Master Hand,The announcer,An invisible nameless fighter,Master Hand,
Ultra Maria Sisters,"In the Nintendo Switch port of Family Feud, we don't get Steve Harvey. Who do we get instead?",Point MacGuesser,Lucky McCoy,Sir Vay the Third,"Jk, it is Steve Harvey ",Lucky McCoy,
Ultra Maria Sisters,What is the maximum playable level of duck hunt before the game behaves erratically and breaks?,50,99,100,256,99,
Ultra Maria Sisters,"Which of these are scary robot enemies in Metroid Dread that insta-kill Samus?
","T.O.N.I
",G.R.A.M.I.,E.M.M.I.,R.A.Z.Z.I.,E.M.M.I.,
Ultra Maria Sisters,What is the spirit that lives in your sword named in Legend of Zelda skyward sword?,Mote,Infa,Ontro,Fi,Fi,
Ultra Maria Sisters,Which of these Nintendo titles don't take place on an island?,Tomodachi Life,Wii Sports Resort,Animal Crossing: Wild World,LoZ: The Wind Waker ,Animal Crossing: Wild World,
Ultra Maria Sisters,"What is the name of Donkey Kong's race in ""Mario Kart 64""?",D.K.'s Jungle Parkway, DK's Jungle Circuit, DK's Jungle Jam,DK's Jungle Raceway,D.K.'s Jungle Parkway,
Ultra Maria Sisters,"In Super Mario 64, how many red coins does Mario need to find to receive a star?",4,6,8,10,8,
Ultra Maria Sisters,"In Banjo-Kazooie, what is Banjo's sister's name?",Tooty,Zooty,Frooty,Dooty,Tooty,
Ultra Maria Sisters," In Star Fox 64 how many stages does Fox have to advance through until he reaches Andross, including Venom?",7,10,13,16,7,
Ultra Maria Sisters,"In Bomberman 64, what Bomberman color is not a playable character in multiplayer battle?",Red,Green,White,Blue,Green,
Ultra Maria Sisters,"In Legend of Zelda: Majora's Mask, what is Link's fairy's name?",Navi,Tatl,Tael,Epona,Tatl,
Ultra Maria Sisters,"How many playable characters are in Super Smash Bros Brawl?",12,21,29,35,35,
Ultra Maria Sisters,"In the awful game, Legend of Zelda: Faces of Evil for the CD-i, who is Morshu?",A shopkeeper,A skeleton boss,A wizard,The king,A shopkeeper,
Ultra Maria Sisters,"In addition to the D-Pad and control stick, how many buttons are on a controller for the Nintendo 64?",4,8,10,12,10,
Ultra Maria Sisters,Who is the badass baldie who is the highest ranking boxer in Wii Sports?,Matt,Mac,Tony,Reggie,Matt,
Ultra Maria Sisters,Which of these games are in both Wii Sports and Wii Sports Resort?,Tennis,Bowling,Basketball,Watersports,Bowling,
Ultra Maria Sisters,"What animal does Link transform into in Legend of Zelda: Twilight Princess?",A horse,A fox,A wolf,A falcon,A wolf,
Ultra Maria Sisters,What is the power up that turns Mario into a bee called?,Bee Flower,Bee Honey,Bee Mushroom,Bee Star,Bee Mushroom,
Ultra Maria Sisters,Which Mario game introduced the Spring Mushroom?,Super Mario Sunshine,Super Mario Galaxy,Super Mario 64,Super Mario 3,Super Mario Galaxy,
Ultra Maria Sisters,"In Legend of Zelda, what are chickens called?",Coocoos,Cucoos,Coocus,Cuccos,Cuccos,
Ultra Maria Sisters,What is the Power Ranger parody in Super Mario RPG called?,The Axem Rangers,The Flower Rangers,The Paxon Rangers,The Koopa Rangers,The Axem Rangers,
Ultra Maria Sisters,What is the Konami Code?,↑↑↓↓→←→←B A,←→←→↑↑↓↓B A,↑↑↓↓←→←→A B,↑↑↓↓←→←→B A,↑↑↓↓←→←→B A,
Ultra Maria Sisters,Which Animal Crossing duo refer to each other as “partners” and thus gave rise to the belief that they're a gay couple?,Chip and Flick,Wilbur and Orville,Isabelle and Ankha,Tom Nook and the player,Chip and Flick ,
Watta-Tol - special,"Just a Simulation - A scenario is given, and what tool would you use?",,,,,,
Watta-Tol,Which of these tools are NOT used when developing photographs?,Print tongs,Safelight,Line level,Enlarging easel,Line level,
Watta-Tol,Which of these tools are NOT used in 3D printing?,nozzles,Filament,Effect Plate,Hide paste,Hide paste,
Watta-Tol,Which of these tools would a candle maker NOT use?,Glass rods,Double boiler,Cabochon machine,Wick stickers,Cabochon machine,
Watta-Tol,Which of these tools would a foley artist NOT use?,Hyper Cardioids,Bass traps,Movement holder,Shotgun mic,Movement holder,
Watta-Tol,Which of these tools would a Chimney sweep NOT use?,Rods,Soot Vacuum,Dop stick,inspection mirror,Dop stick,
Watta-Tol,Which of these pieces of equipment would you NOT find in retail?,Divider,Gondola ,Inversion table,Tagging gun,Inversion table,
Watta-Tol,Which of these are tools NOT used by DJs?,Slipmats,Monitor Speakers,House speaker,Mixer,House speaker,
Watta-Tol,Which of these tools are NOT used by Archaeologists?,Dental pick,plumb bob,"Sieve,",Girth,Girth,
Watta-Tol,Which of these tools are NOT related to phones?,Rolodex,Dial cards,Micro USB cable,Halter,Halter,
Watta-Tol,Which of these tools are not used by equestrians?,Stirrup,Cantle,Mainspring,Tree,Mainspring,
Watta-Tol,Which of these tools are NOT used by Bookbinders?,Awl,Bone folders,Sewing frame,Stand Up Pouch,Stand Up Pouch,
Watta-Tol,Which of these tools are not used with tobacco?,Neerup tamper,Replacement Stems,Blowpipe,Humidor Bag,Blowpipe,
Watta-Tol,Which of these tools are NOT used by Glassblowers?,Jack,Punty,Blowpipe,Pewter Helix,Pewter Helix,
Watta-Tol,Which of these tools are NOT used by bakers?,Wire whisk,Offset spatula,Jigger,Bundt,Jigger,
Watta-Tol,Which of these tools are NOT used by Puppeteers?,Control bars,Arm rods,Linking Rings,Controller,Linking Rings,
Watta-Tol,Which of these tools are NOT used in vanilla Minecraft?,Gold Sword,Emerald Pickaxe,Flint and steel,Shears,Emerald Pickaxe,
Watta-Tol,Which of these tools are NOT used in Animal Crossing: New Horizons?,Sewing machine,Slingshot,Wand,folding fan,Sewing machine,
Watta-Tol,Which of these tools are NOT used to make cheese?,Curd Knife,Skimmer,Nippers,Butter Muslin,Nippers,
Watta-Tol,Which of these tools would a soda jerk NOT use?,Spigot,Soda spoon,Malt Powder,Honey Super,Honey Super,
Watta-Tol,Which of these tools are NOT used by beekeepers?,Honey super,Veil,Frames,Wing compass,Wing compass,
Watta-Tol,Which of these tools are NOT used by psychics?,Pendulum,Scrying Mirrors,Crystals,Floating Decks,Floating Decks,
Watta-Tol,Which of these tools are NOT used by film projectionist?,Rewind Bench,Core Adapters,Splicing Tape,Hive tool,Hive tool,
Watta-Tol,Which of these tools are NOT used by magicians?,Leader Film,Close-up pad,Thumb writers,Change bags,Leader Film,
Watta-Tol,Which of these tools are NOT used by forensic scientists?,Alternative light sources ,Spectrometers,PCR machines,Harness Needles,Harness Needles,
Watta-Tol,Which of these tools are NOT used by jewelers?,Ring mandrel,Flush cutters,Wing Divider,Bench block,Wing Divider,
Watta-Tol,Which of these tools are NOT used by hairdressers?,Foil Shavers,Neck Dusters,Texturizing Shears,Burnisher,Burnisher,
Watta-Tol,WHich of these are NOT taxidermist tools?,Fleshing beam,glover's needles,Ear scrapers,Cotton pliers,Cotton pliers,
Watta-Tol,Which of these tools are not used by potters?,Calipers,Ribs,Lip slot cutter,Ribbon tool,Lip slot cutter,
Watta-Tol,Which of these tools are not used by blacksmiths?,Post Vise,Wire Wheel,Anvil,Leaf Tweezers,Leaf Tweezers,
Watta-Tol,Which of these tools is not used with tea?,Infuser,Cast Iron Kettle,Frother,Matcha Whisk,Cast Iron Kettle,
Watta-Tol,Which of these would a pet groomer NOT use?,Slicker brushes,Cezve,Dematting rake,dematting rakes,Cezve,
Watta-Tol,Which of these are not containers made for cooking?,Billycan,Cannula,Ramekin,Discada,Cannula,
Watta-Tol,Which of these would a mortician NOT use?,Trocars,Bográc,aneurysm hooks,Fixation clamps,Bogrács,
Watta-Tol,Which of these would a chemist NOT use?,Ring stand,Separatory Funnel,fluid drain pans,Magnetic Stirrer,fluid drain pans,
Watta-Tol,Which of these would a postal worker NOT use?,Dutch Bucket,Flat Tubs,MDD,LLV,Dutch Bucket,
Watta-Tol,Which of these are NOT are not vessels made for drinking?,Horn,Dixie,Tiki,Ferry,Ferry,
Watta-Tol,Which of these tools are NOT Writing implements?,Silverpoint,Rastrum,Narayam,Hakapik,Hakapik,
Watta-Tol,Which of these tools are NOT used by lockpickers?,Pry Bar,Tension Wrench,Rastrum,Rake,Rastrum,
Watta-Tol,Which of these tools would NOT be used by a Sushi chef?,Shamoji,Bazooka,Uchiwa,Kintsugi,Kintsugi,
Watta-Tol,Which of these tools are NOT used in BDSM?,Riding crop,Sleepsacks,Sawhorse,Halligan bar,Halligan bar,
Watta-Tol,Which of these tools are NOT used for upholstery?,Tack Hammer,Regulator,Docker,Webbing Stretcher,Docker,
Watta-Tol,Which of these words are NOT a type of knife?,Linoleum,Butterfly,Caidao,Kelly,Kelly,
Watta-Tol,Which of these tools are NOT used by automotive mechanics?,Creeper,Roller docker,Multimeter,Lug wrench,Roller docker,
Watta-Tol,Which of these tools are NOT used by radio broadcasters?,Broadcast spreader,RDS Encoder,Coaxial Cable,Mixer,Broadcast spreader,
Watta-Tol,Which of these tools would a wig maker NOT use?,Hackle,Ventilating needle,Knotting needle,Needlegun,Needlegun,
Watta-Tol,Which of these tools are NOT used to apply make-up?,Fan Brush,Spoolie,Dolabra,Blenders,Dolabra,
Watta-Tol,Which of these tools were NOT used in the Stone Age?,Microliths.,Fid,Scrapers,Querns,Fid,
Watta-Tol,Which of these tools are NOT included in Photoshop?,Etch,Dodge,Burn,Sponge,Etch,
Watta-Tol,Which of these tools would a barista NOT use?,Gooseneck Kettle,Pour-over cone,Burr grinder,Scoubidou,Scoubidou,
Watta-Tol,Which of these tools would a paranormal investigator NOT use?,Pendulum,EMF reader,Shadow square,Laser grid,Shadow square,
Watta-Tol,Which of these tools would a geologist NOT use?,Tiltmeter,French curve,Seismic vibrator,Rock pick,French curve,
Watta-Tol,Which of these tools would a firefighter NOT use?,Schmidt hammer,Shove knife,Pike pole,Hydrant wrench,Schmidt hammer,
Watta-Tol,Which of these tools would a quilter NOT use?,Basting Pins,Thread Cutter,Wool Pressing Mat,Trussing needle,Trussing needle,
Watta-Tol,Which of these tools would a bartender NOT use?,Easy Wedger,Muddler,Gin pole,Jigger,Gin pole,
Watta-Tol,Which of these silly-sounding tools did I make up? ,Lesbian rule,Peanut butter wrench,Heavy jugger,Shadoof,Heavy jugger,
Watta-Tol,Which of these tools would a watchmaker NOT use?,Magnification loup,Chock,Tweezers,Movement cushion,Chock,
Watta-Tol,Which of these tools would you NOT use to clean your house in the olden days?,Laundroid,Besom,Thor washing machine,Carpet beater,Laundroid,
Watta-Tol,Which of these tools would you NOT use to repair a bicycle?,Hex key,Pointing machine,Cone wrench,Chain tool,Pointing machine,
Watta-Tol,Which of these tools would a gardener NOT use?,Loppers,Edger,Peg wood,Hori hori,Peg wood,
Watta-Tol,Which of these tools would a butcher NOT use?,Whetstone,Hoist,Cimeter,Averruncator,Averruncator,
Watta-Tol,Which of these tools would a scrapbooker NOT use?,Tape runner,Embossing Folders,Trimmer,Fish Tape,Fish Tape,
Watta-Tol,Which of these tools would a dentist NOT use?,Scaler,Excavator,Tiltmeter,Intraoral camera,Tiltmeter,
Watta-Tol,Which of these tools would an electrician NOT use?,Clamp Meter,Stripper,Lineman's Pliers,Sickle probe,Sickle probe,
Burber Queen - Special,Secret Menu: Match the menu items to what chain its from,,,,,,
Burber Queen,What does a Big Mac contain exactly two of?,Bun parts,Pickles,Tomato Slices,All-Beef Patties,All-Beef Patties,
Burber Queen,"What chain is known for the slogan, ""Hold the pickles, hold the lettuce, special orders won't upset us""?",Wendy's,Burger King,McDonald's,Arby's,Burger King,
Burber Queen,Where can I get an order of Biggie Fries?,Arby's,Taco Bell,Burger King,Wendy's,Wendy's,
Burber Queen,What does a typical order of Nacho Fries from Taco Bell come with a cup of?,Cheese sauce,Shredded Cheese,Avocado Ranch,Fire Sauce,Cheese sauce,
Burber Queen,"How many ""Herbs and spices"" are in KFC chicken?",7,11,14,16,11,
Burber Queen,What company lost a lawsuit for intentionally heating their coffee to obscenely hot temperatures?,Dunkin,Tim Hortons,McDonald's,Starbucks,McDonald's,
Burber Queen,"A&W is known for their burgers, but what beverage are they known for?",Cream Soda,Coffee,Cola,Root Beer,Root Beer,
Burber Queen,"How does McDonald's describe their ""Arches""?",Golden,Shiny,Yellow,Colorful,Golden,
Burber Queen,"Where can I purchase a ""Grand Slamwich""?",Arby's,Denny's,Wendy's,McDonald's,Denny's,
Burber Queen,"In 2026, Denny's honored which animated villain with a shake containing strawberry ice cream and blueberries?",Bowser,Gru,Skeletor,Doctor Octopus,Skeletor,
Burber Queen,Which fast food chain has a mascot that wears a hat?,Arby's,Jack in the Box,Wendy's,Burger King,Burger King,
Burber Queen,Which country fried the first french fries?,France,USA,Brazil,Belgium,Belgium,
Burber Queen,Buffalo wings originated where?,"Buffalo, New York","Buffalo, Utah","Buffalo, California","Buffalo, Ohio","Buffalo, New York",
Burber Queen,"If you forget to specify that you want your burger with cheese at Burger King, how many calories per slice would you save?",15,40,120,215,40,
Burber Queen,What pizza chain offers free pizzas to encourage kids to read?,Papa John's,Domino's,Marco's Pizza,Pizza Hut,Pizza Hut,
Burber Queen,"In 2012, what chain went viral for a scandal after a a picture emerged of someone standing in bins of lettuce?",Wendy's,Arby's,Burger King,McDonald's,Burger King,
Burber Queen,"Who has the slogan ""Eatin' Good in the Neighborhood""?",Five Guys,Denny's,Chilli's,Applebee's,Applebee's,
Burber Queen,What does Red Robin give out to kids who dine there?,Crayons,A Souvenir Cup,Crayons And A Souvenir Cup,A book,Crayons And A Souvenir Cup,
Burber Queen,What does A&W stand for?,The founder's first names,The founder's last names,The towns of the first two locations,Nothing,The founder's last names,
Burber Queen,What fast-food restaurant is usually closed on Sundays?,A&W,In-N-Out,Chick-Fil-A,Waffle House,Chick-Fil-A,
Burber Queen,Where was the Big Mac invented?,Florida,Ohio,New York,Pennsylvania,Pennsylvania,
Burber Queen,What was Colonel Sander's first name?,Harland ,Peter,Cormac,Otis,Harland ,
Burber Queen,What were Blizzards originally called at Dairy Queen?,Freezies,Melties,Flurries,Concretes,Concretes,
Burber Queen,"Which pop star wrote a promotional single for McDonald's called ""I'm Lovin' It""?",Justin Timberlake,Taylor Swift,Rihanna,Usher,Justin Timberlake,
Burber Queen,"In 1953, what was Denny's main menu item?",Burgers,Pie,Pancakes,Donuts,Donuts,
Burber Queen,Where did Denny's open its first location outside of the USA?,Mexico,China,Canada,Japan,Mexico,
Burber Queen,Where is the world's largest McDonald's?,Orlando,Beijing,Las Vegas,Toronto,Orlando,
Burber Queen,"As of 2021, which fast food restaraunt was the highest grossing?",McDonald's,Starbucks,KFC,Tim Hortons,Starbucks,
Burber Queen,"Which of these chains do NOT have an apostrophe in them, according to offical branding?",Wendy's,McDonald's,Tim Horton's,Domino's,Tim Horton's,
Charlie Chaplin- sepcial,Film real - What public domain movie is this section from?,,,,,,
Charlie Chaplin,"What country was Georges Méliès, the man responsible for A Trip to the Moon from?",Germany,USA,Belgium,France,France,
Charlie Chaplin,How does Dorothy Gale end up in Oz?,Tornado,Rabbit hole,Hidden door in her attic,Following a yellow brick road,Tornado,
Charlie Chaplin,Who played the title character in the 1931 film Dracula?,Boris Karloff,Bela Lugosi,Lon Chaney Jr.,Vincent Price,Bela Lugosi,
Charlie Chaplin,During which conflict does Casablanca take place?,Italy,Germany,Morrocco,Cuba,Morrocco,
Charlie Chaplin,Which actor was famous for playing the Little Tramp?,Buster Keaton,Shirley Temple,Harold Lloyd,Charlie Chaplin,Charlie Chaplin,
Charlie Chaplin,Which building did King Kong (1933) climb?,Empire State Building,Eiffel Tower,Chrystler Building,Sears Tower,Empire State Building,
Charlie Chaplin,Which 1939 film won the Academy Award for Best Picture and starred Clark Gable and Vivien Leigh?,Citizen Kane,Gone With The Wind,The Maltese Falcon,Rebecca,Gone With The Wind,
Charlie Chaplin,Which Alfred Hitchcock film from 1954 stars James Stewart as a photographer who spies on his neighbors?,Vertigo,Psycho,Rear Window,Rope,Rear Window,
Charlie Chaplin,What was the blood in the shower scene in Psycho actually made of?,Ketchup,Stage blood,Motor Oil,Chocolate Sauce,Chocolate Sauce,
Charlie Chaplin,"What is ""Rosebud"" in Citizen Kane?",A sled,A secret code,A love interest,A literal rose plant,A sled,
Charlie Chaplin,What is Laruel of Laurel and Hardy's first name?,Robert,Stan,Wilbur,Peter,Stan,
Charlie Chaplin,"In the television show, Mister Ed, who is Mister Ed?",A cat,A dog,A horse,A cow,A horse,
Charlie Chaplin,What kills the aliens in War of the World's?,Water,A hurricane,A missile,Microorganisms,Microorganisms,
Charlie Chaplin,Who played the title character in I Love Lucy?,Lucille Ball,Judy Garland,Doris Day,Vivien Leigh,Lucille Ball,
Charlie Chaplin,Which of these Frankenstein films did I make up?,Bride of Frankenstein,Son of Frankenstein,The Ghost of Frankenstein,The Brother of Frankenstein,The Brother of Frankenstein,
Sherlock Holmes - special,"At the Scene of the Crime - Describe a fictional death, identify who it is",,,,,,
Sherlock Holmes,Where does Sherlock Holmes live?,221B Baker Street,225B Baker Street,217A Baker Street,299A Baker Street,221B Baker Street,
Sherlock Holmes,Fill in the blank: A 1974 film features a murder aboard a train called the _____ Express.,Chinatown,Orient,Petersberg,Orlando,Orient,
Sherlock Holmes,Who does Columbo work for?,New York City Police Department,Chicago Police Department,Los Angeles Police Department,Washington DC Police Department,Los Angeles Police Department,
Sherlock Holmes,Which actor played the title role in the television series Monk?,Michael C. Hall,Bryan Cranston,Steve Carell,Tony Shalhoub,Tony Shalhoub,
Sherlock Holmes,What is the closing line in the opening narration in Law & Order?,These are their stories.,This is Law & Order.,These are the people who uphold the law.,This is how crime is taken off the streets.,These are their stories.,
Sherlock Holmes,What are the Blues Brothers trying to prevent from happening?,A bombing,An orphanage closing,The murder of their mother,A football game,An orphanage closing,
Sherlock Holmes,"Which police procedural drama features the famous catchphrase ""Book 'em, Danno!""?",Hawaii 5-O,Dragnet,Kojak,Columbo,Hawaii 5-O,
Sherlock Holmes,What color car does Colombo drive?,Black,Pale Gray,Red,Navy Blue,Pale Gray,
Sherlock Holmes,"What was the name of the dog in the TV series ""Hart to Hart""?",Freeway,Muttley,Doug,K9,Freeway,
Sherlock Holmes,"What fictional town does Jessica Fletcher use as her home base in Murder, She Wrote?",Crystal Cove,Carrot Cove,Cabot Cove,Cook's Cove,Cabot Cove,
Sherlock Holmes,"In Scooby-Doo, what is Shaggy's first name?",Otis,Benjamin,Norville,Shaggy,Norville,
Sherlock Holmes,Which cop show is Sonny Crockett from?,Monk,Hawaii 5-O,Law & Order,Miami Vice,Miami Vice,
Sherlock Holmes,"Which TV show features brilliant mathemtican who solves crimes, Charlie Eppes?",Numb3rs,Monk,Homicide: Life on the Street,NYPD Blue,Numb3rs,
Sherlock Holmes,"In which TV show would I find characters such as Stanley ""Wojo"" Wojciehowicz, Ron Harris and Phil Fish?",Kojak,Barney Miller,Columbo,Miami Vice,Barney Miller,
Sherlock Holmes,Which fictional detective is Belgian?,Sherlock Holmes,Miss Marple,Hercule Poirot,Philip Marlowe,Hercule Poirot,
Sherlock Holmes,"What is the name of the beachside estate in Magnum, P.I.?",Fox's Den,Piranna Tank,Shark's Reef,Robin's Nest,Robin's Nest,
Sherlock Holmes,What is Jacques Clouseau's job?,Chief Inspector,Private Detective,Old-timey Bobby,FBI Agent,Chief Inspector,
Commander Gunny - Special,Draw your Weapons - Fictional weapon pictionary,,,,,,
Commander Gunny,What is the skyscraper's name in Die Hard?,Roboto Plaza,Nakatomi Plaza,Arasaka Plaza,Nintendo Plaza,Nakatomi Plaza,
Commander Gunny,How does Indiana Jones survive the atom bomb in Indiana Jones and the Kingdom of the Crystal Skull?,Hiding in a car,Hiding in a basement,Hiding in a fridge,Escaping in a jeep,Hiding in a fridge,
Commander Gunny,"In Lord of the Rings, Where must the One Ring go in order to be destroyed?",Mount Death,Mount Hades,Mount Hatred,Mount Doom,Mount Doom,
Commander Gunny,"As of 2025, how many Mission Impossible movies are there?",5,6,7,8,8,
Commander Gunny,"According to Morpheus in The Matrix, what does the red pill do?",You wake up in your own bed,Shows you how deep the rabbit hole goes,Wipes your memory,Kills you,Shows you how deep the rabbit hole goes,
Commander Gunny,What is the first Pirates of the Caribbean movie called?,Dead Man's Chest,At World's End,The Curse of the Black Pearl,On Stranger Tides,The Curse of the Black Pearl,
Commander Gunny,What fictional resort town does the shark in Jaws terrorize?,Castle Rock,Hawkins,Haddonfield,Amity Island,Amity Island,
Commander Gunny,Ian Fleming is known for creating which character?,James Bond,Jason Bourne,Indiana Jones,Sherlock Holmes,James Bond,
Commander Gunny,Which of these movies do not have a scene in Egypt?,Indiana Jones: Raiders of the Lost Ark,Mad Max,The Spy Who Loved Me,Stargate,Mad Max,
Commander Gunny,What is the inciting incident that causes John Wick to return to the criminal underworld?,They kill his wife,They kill his brother,They kill his dog,They kill his child,They kill his dog,
Commander Gunny,How do the humans fend of the alien invaders in Indipendance Day?,They nuke the mothership,They use a bioweapon,They use an acid,They use a computer virus,They use a computer virus,
Commander Gunny,Which conflict is Saving Private Ryan set during?,WWI,WWII,Vietnam War,Korean War,WWII,
Commander Gunny,"What kills the computer programmer, Dennis Nedry, in Jurassic Park?",Triceratops,Tyrannosaurus rex,Dilophosaurus,Parasaurolophus,Dilophosaurus,
Commander Gunny,What blots out the sun in 300?,Volcanic Ash,A tornado,A Vision from a god,Arrows,Arrows,
Commander Gunny,What was Maximus's job in Gladiator before he became a Gladiator?,A military general,A travelling merchant,An emporer,An artisan,A military general,
Commander Gunny,Who plays Maverick in Top Gun?,Tim Robbins,Tom Cruise,Val Kilmer,Anthony Edwards,Tom Cruise,
,,,,,,,
Lady Vegan Dress,What television series features the fictional kingdom of Westeros?,The Last Kingdom,The Witcher,Vikings,Game of Thrones,Game of Thrones,
Lady Vegan Dress,"Titanic may have done it first, but what movie also has a character played by Leonardo DiCaprio who dies in water?",The Wolf of Wall Street,Shutter Island,The Great Gastby,Inception,The Great Gastby,
Lady Vegan Dress,Which of these Taylor Swift albums were in the 2010s?,The Tortured Poets Department,Fearless,Folklore,1989,1989,
Lady Vegan Dress,"In Stranger Things, what is Eleven's favorite food?",Eggo Waffles,Cosmic Brownies,Frosted Flakes,Reese's Peices,Eggo Waffles,
Lady Vegan Dress,Which 2019 film won the Academy Award for Best Picture?,Roma,Parasite,Burning,Shoplifters,Parasite,
Lady Vegan Dress,What does Despacito mean in English?,Sexily,Passionately,Slowly,Quickly,Slowly,
Lady Vegan Dress,"What is the song ""Astronomia"" better known as in the meme world?",Crab Rave ,The Harlem Shake,Shooting Stars,Coffin Dance,The coffin dance song,
Lady Vegan Dress,"Who does clumsy backup dancer, Left Shark, dance with?",Katy Perry,Taylor Swift,Lady Gaga,Kesha,Katy Perry,
Lady Vegan Dress,"What does the first ""P"" in novelty song title, ""PPAP"" stand for?",Pineapple,Pen,Pointless,Panda,Pen,
Lady Vegan Dress,"They say a good romance starts with a good friendship. What does a ""Bad Romance"" start with?",Want your bad romance,Roma-roma-ma,"Gaga, ooh, la-la",Ra-ra-ah-ah-ah,Ra-ra-ah-ah-ah,
Lady Vegan Dress,The main characters in Gravity are in space in the first place to service which space object?,Hubble Space Telescope,ISS,Space Shuttle Explorer,Curiosity Rover,Hubble Space Telescope,
Lady Vegan Dress,Which comedy focuses on the residents of Pawnee?,Rick & Morty,Parks and Recreation,New Girl ,BoJack Horseman,Parks and Recreation,
Lady Vegan Dress,"What comedy series features an iconic scene where a policeman orchestartes an impromptu singalong to ""I Want it That Way""?",Parks and Recreation,Community,Brooklyn Nine-Nine,The Good Guys,Brooklyn Nine-Nine,
Lady Vegan Dress,"What pop star sang in the album, 21?",Taylor Swift,Sia,Rihanna,Adele,Adele,
Lady Vegan Dress,Which 2019 film surpassed Avatar as the top grossing film at the time?,Avengers: Endgame,Joker,Spider-Man: Far From Home,Star Wars: The Rise of Skywalker,Avengers: Endgame,
Lady Vegan Dress,What even IS Nyan Cat?,A Pop-Tart cat,A Pancake cat,A cheese cat,A waffle cat,A Pop-Tart cat,
Emmie Nemesis - Special,Call & Response - Fill in the blank of the famous song lyric,,,,,,
Emmie Nemesis,What is Snoop Dogg's real name?,Shawn Carter,Calvin Broadus,Marshall Mathers,Andre Young,Calvin Broadus,
Emmie Nemesis,"What does the ""MC"" in the traditional hip-hop term ""MC"" originally refer to?",Music Creator,Musical Commander,Microphone Controller,Master of Ceremonies,Master of Ceremonies,
Emmie Nemesis,"Which hip-hop group recorded ""Fight the Power""?",Public Enemy,A Tribe Called Quest,Wu-Tang Clan,N.W.A,Public Enemy,
Emmie Nemesis,"According to the Wu-Tang Clan, what does the M stand for in ""C.R.E.A.M.""? ",Money,Me,Man,Madness,Me,
Emmie Nemesis,"In the NWA song title, the group says that they're ""Straight Outta"" where?",Cambridge,Chicago,Compton,Creighton,Compton,
Emmie Nemesis,"The introductory voice lines in Eminem's ""Rap God"" are sampled from an audiobook featurng which characters?",Batman and Robin,Sherlock and Watson,Dracula and Frankenstein,Captain America and Hulk,Captain America and Hulk,
Emmie Nemesis,"What does the term ""freestyle"" generally mean in hip-hop?",Improvised lyrics,Heavy use of samples,No background music,Minimalist production,Improvised lyrics,
Emmie Nemesis,Which New York City borough is especially associated with the early development of hip-hop?,Queens,The Bronx,Manhattan,Staten Island,The Bronx,
Emmie Nemesis,Which record is widely credited as one of the earliest commercially successful hip-hop singles?,"""Nuthin' but a 'G' Thang""","""Walk This Way""","""Rapper's Delight""","""Fight the Power""","""Rapper's Delight""",
Emmie Nemesis,"What is a ""cypher""?",A brand of drum machine,A gathering where rappers take turns rapping,An improvised dance,A type of record contract,A gathering where rappers take turns rapping,
Emmie Nemesis,"Which 1980s hip-hop group famously collaborated with rock band Aerosmith on ""Walk This Way""?",Beastie Boys,Public Enemy,Run-D.M.C.,The Sugarhill Gang,Run-D.M.C.,
Emmie Nemesis,"Which of these cities became particularly associated with the ""Dirty South"" hip-hop movement?",Nashville,Dallas,Memphis,Atlanta,Atlanta,
Emmie Nemesis,Who loves big butts can cannot lie?, Sir Mix-a-Lot,Snoop Dogg,Vanilla Ice,MC Hammer, Sir Mix-a-Lot,
Emmie Nemesis,"In which song does Kendrick Lamar scream ""MUSTARD""?",HUMBLE,TV Off,Money Trees ,Alright ,TV Off,
Emmie Nemesis,Which Muppet raps to Rapper's Delight?,Gonzo,The Swedish Chef,Beaker,Animal,The Swedish Chef,
Emmie Nemesis,How did Eminem get his name?,His real name's initails,The candy,His mentor,"It stands for ""Mania"" and ""manic""",His real name's initails,
"Like, Totally- Special","Special - ""Coach Potato"" Match the TV/movie quote to the character",,,,,,
"Like, Totally","Which wicked singer, like, released the album Purple Rain in 1984?",David Bowie,Prince,Michael Jackson,George Michael,Prince,
"Like, Totally","What ""futustic"" year do the main characters travel to in Back to the Future Part II?",2005,2010,2015,2020,2015,
"Like, Totally","AFter the previous dudes mosied on out, kind of building becomes the Ghostbusters' headquarters?",A hardware store,A police station,A subway staton,A firehouse,A firehouse,
"Like, Totally","Where do the fantablous BFFs, the Golden Girls live?",Miami,Chicago,New York City,Philedelphia,Miami,
"Like, Totally","Which science-fiction film, like, features the character, Roy Batty?",Back to The Future,Blade Runner,Tron,E.T.,Blade Runner,
"Like, Totally","What bodacious snack food does E.T., like, enjoy?",M&Ms,Oreos,Reese's Peices,Coca-Cola,Reese's Peices,
"Like, Totally",Which TV sitcom featured the fictional bar where Sam Malone worked?,Cheers,Night Court,Taxi,WKRP in Cincinnati,Cheers,
"Like, Totally","Which totally fresh band, like, recorded ""Sweet Child o' Mine""?",Kansas,Guns N' Roses,Mötley Crüe,Bon Jovi,Guns N' Roses,
"Like, Totally","Like, what is He-Man's secret indenity?",Prince Adam,Prince Bryan,Prince Noah,Prince Joseph,Prince Adam,
"Like, Totally","What do the characters in Dirty Dancing call that signature dance move during the song ""(I've Had) The Time of My Life"".?",The Crane,The Lift,The Pull,The Push,The Lift,
"Like, Totally",What tubular Disney Princess had a film in the 80s?,Cinderella,Belle,Ariel,Snow White,Ariel,
"Like, Totally",Who is not a Turtle in Teenage Mutant Ninja Turtles?,Leonardo,Donatello,Monet,Rapheal,Monet,
"Like, Totally",What totally radical NES game was the first to include a battery-backed save feature?,Super Mario Bros,Tetris,Contra,Legend Of Zelda,Legend Of Zelda,
"Like, Totally","Which of these Pac-Man ghosts are, like, totally bogus?",Blinky,Pinky,Stinky,Inky,Stinky,
"Like, Totally","Which of these My Little Ponies were like, NOT around in the 1980s? Woah... like, in the future, I guess?",Twilight,Snuzzle,Applejack,Pinkie Pie,Pinkie Pie,
"Like, Totally",Which of these music videos feature a totally warped comic book world?,"""Take on Me""","""Girls Just Wanna Have Fun""","""Thriller""","""Once in a Lifetime""","""Take on Me""",
Mordoofus - Special,WIll you take the true pill or the false pill? (True or false question here),,,,,,
Mordoofus,"In Seinfeld, how did Susan Ross die?",Hit by car,Licking Toxic Envelopes,Sliced by a lawnmower,Parachute wouldn't open,Licking Toxic Envelopes,
Mordoofus,How did Jack from the Titanic get his ticket for the Titanic?,Buying it with inhertence money,Stole it,Poker game,Found it on the street,"""Once in a Lifetime",
Mordoofus,Which artist released the album Nevermind?,Pearl Jam,Soundgarden,Alice in Chains,Nirvana,Nirvana,
Mordoofus,What are Mulder and Skully in The X-Files?,FBI Agents,Private Investiogators,CSI Technicains,Secret Service agents,FBI Agents,
Mordoofus,What color tint do the scenes that take place in the simulation take on in The Matrix?,Yellow,Green,Blue,Red,Green,
Mordoofus,"In Home Alone, what is the criminal duo known as?",The Dry Bandits,The Rough Bandits,The Wet Bandits,The Smooth Bandits,The Wet Bandits,
Mordoofus,What song does The Lion King open with?,Can You Feel the Love Tonight,Hakuna Matata,I Just Can't Wait to Be King,The Circle of Life,The Circle of Life,
Mordoofus,What restauant do the friends in Friends meet up at?,Central Perk,Jack Rabbit Slim's,Luke's Diner,The Shiny Bean,Central Perk,
Mordoofus,Which singer released the 1998 album Ray of Light?,Cher,Madonna,Janet Jackson,Shania Twain,Madonna,
Mordoofus,"Who realeased the song ""Ironic,"" which ironically has no examples of Irony?",Janet Jackson,Miley Cyrus,Alanis Morissette,The Spice Girls,Alanis Morissette,
Mordoofus,"When the 90s ended, who was the best selling boy band of all time?",The Backstreet Boys,NSYNC,98 Degrees,Boyz II Men,The Backstreet Boys,
Mordoofus,"What pop culture phenomienon includes the toy store, Al's Toy Barn?",Recess,Toy Story,Doug,The Simpsons,Toy Story,
Mordoofus,Which elementary school faculty member appears in disney's Recess?,Mrs Fowl,Mr. Anderson,Mr. Prickley,Mr. Ratburn,Mr. Prickley,
Mordoofus,Which Star Wars was released in the 1990s?,Return of the Jedi,Revenge of the Sith ,Attack of the Clones ,The Phantom Menace,The Phantom Menace,
Mordoofus,,,,,,,
Mordoofus,,,,,,,
Ethan Danceable Mackenzie ,Which city is strongly associated with the origins of techno music?,Detriot,Portland,Seattle,Philedelphia,Detriot,
Ethan Danceable Mackenzie ,"Who recorded ""Around the World""?",Zedd,Daft Punk,LMFAO,Skrillex,Daft Punk,
Ethan Danceable Mackenzie ,"The duo, LMFAO, consisted of Sky Blu and who else?",Mean'n'Green,Dandy Lion,Redfoo,Another guy named Sky Blu,Redfoo,
Ethan Danceable Mackenzie ,Tim Bergling was better known by which stage name?,Skrillex,Deadmau5,Zedd,Aviici,Aviici,
Ethan Danceable Mackenzie ,"The musical genre, Trance, originated in what country?",Germany,USA,France,Japan,Germany,
Ethan Danceable Mackenzie ,Which DJ is known for throwing a cake at an audience member at every show?,Calvin Harris,Steve Aoki,Skrillex,David Guetta,Steve Aoki,
Ethan Danceable Mackenzie ,"Who did Calvin Harris team up with to make the song, ""Pray to God""",Steve Aoki,Avicii,Haim,Daft Punk,Haim,
Ethan Danceable Mackenzie ,What Skrillex song samples a 1960s interview with Jim Morrison?,Breakin' A Sweat,Scary Monsters and Nice Sprites,Kill Everybody,Bangarang,Breakin' A Sweat,
Ethan Danceable Mackenzie ,Which hit did David Guetta produce for another artist?,"""Poker Face"" by Lady Gaga","""Love Story"" by Taylor Swift","""Firework"" by Katy Perry","""I Gotta Feeling"" by The Black Eyed Peas","""I Gotta Feeling"" by The Black Eyed Peas",
Ethan Danceable Mackenzie ,"Which, now cancelled, act did Daft Punk perform with at the 2008 Grammy Awards?",Snoop Dogg,Kanye West,P!nk,Ed Sheeran,Kanye West,
Ethan Danceable Mackenzie ,What is Skrillex's real name?,Calvin Harris,Sonny John Moore,Joel Zimmerman,Tim Bergling,Sonny John Moore,
Ethan Danceable Mackenzie ,"Who is widely considered the ""Godfather of House Music""?",Giorgio Moroder,Pete Bellotte,Donna Summe, Frankie Knuckles, Frankie Knuckles,
Ethan Danceable Mackenzie ,Who went on to become Marshmello?,Redfoo,One of Daft Punk,Dotcom,Haim,Dotcom,
Ethan Danceable Mackenzie ,What does the D in EDM stand for?,Dance,Digital,Disc,Drum,Dance,
Ethan Danceable Mackenzie ,Which electronic music festival is held annually in Belgium?,Glastonbury,Tomorrowland,Lollapalooza,Coachella,Tomorrowland,
Ethan Danceable Mackenzie ,What does the M stand for in acronym BPM?,Moment,Machine,Minute,Mash-up,Minute,
Vinny,"Who didn't die in ""The Day that Music Died""?",Buddy Holly ,Ritchie Valens,The Big Bopper,Chuck Berry,Chuck Berry,
Vinny,Which British band made its American television debut on The Ed Sullivan Show in 1964?,The Beatles,The Rolling Stones,The Who,The Kinks,The Beatles,
Vinny,Which Beatles album had a cover of the band members crossing the street?,Sgt. Pepper's Lonely Hearts Club Band,Abbey Road,Revolver,Magical Mystery Tour,Abbey Road,
Vinny,"Which singer was famous for the song ""Johnny B. Goode""?",Bo Diddley,Bo Diddley,Chuck Berry,Fats Domino,Chuck Berry,
Vinny,Which genre is characterized by its strong emphasis on improvisation?,Psychedlic Rock,Disco,Swing,Jazz,Jazz,
Vinny,"In the Ray Charles song, who should ""Hit the Road""?",Jack,Stan,Blake,Dan,Jack,
Vinny,"Which band recorded ""Good Vibrations""?",The Who,The Beach Boys,The Byrds,The Monkees,The Beach Boys,
Vinny,Which of these songs by The Who were released in the 1960s?,Who Are You,Squeeze Bo,Pinball Wizard,Baba O'Riley,Pinball Wizard,
Vinny,"According to the Rolling Stones, who should we have Sympathy for?",The gamblers,The Poor,The police,The devil,The devil,
Vinny,What was the robotic villain in 2001: A Space Odyessy?,HAL 9000,HAL 2000,HAL 5000,HAL 8000,HAL 9000,
Vinny,What was the blood in the shower scene in Psycho actually made of?,Ketchup,Stage blood,Motor Oil,Chocolate Sauce,Chocolate Sauce,
Vinny,Which conflict did Lawrence of Arabia take place during?,WWI,WWII,Vietnam War,The Cold War,WWII,
Vinny,What is Dr. Strangelove's full subtitle?,How I Learned to stop Worrying,How I Learned to Stop Worrying and Love the Atom Bomb,How I Learned to Stop Worrying and Love the Bomb,How I Learned to Stop Worrying and Love the Nukes,How I Learned to Stop Worrying and Love the Bomb,
Vinny,"In The Good, The Bad, and The Ugly, which character is ""The Ugly""?", Man with No Name,Blondie,Angel Eyes,Tuco Benedicto Pacífico ,Tuco Benedicto Pacífico ,
Vinny,Which animal is used in a metaphor in The Exterminating Angel?,Sheep,Snakes,Rats,Goats,Sheep,
Vinny,Who plays Jim Stark in A Rebel Without a Cause?,Paul Newman,James Dean,Marlon Brando,Montgomery Clift,James Dean,
Disco Dave,How long is The Godfather?,1 hour and 33 minutes,1 hour and 58 minutes,2 hours and 55 minutes,3 hours and 15 minutes,2 hours and 55 minutes,
Disco Dave,"Which song is NOT on Pink Floyd's album, The Dark Side of the Moon?",Time,Money,On The Run,Comfortably Numb,Comfortably Numb,
Disco Dave,What year did the first Star Wars movie come out?,1971,1974,1977,1979,1977,
Disco Dave,"What symbol is used to seperate each letter in the title of the TV series, MASH?",*,&,.,",",*,
Disco Dave,"How many iterations of ""Ah"" and ""Ha"" are in a single line in Stayin' Alive by the Bee Gees?",2,3,4,5,4,
Disco Dave,Who plays the title character in Barney Miller?,Hal Linden,Max Gail,Ron Glass,Abe Vigoda,Hal Linden,
Disco Dave,Which 1979 science-fiction film features the spaceship Nostromo?,The Black Hole,Alien,Star Trek: The Motion Picture,Moonraker,Alien,
Disco Dave,"In the Elton John album title, what does he say Goodbye to?",Emerald City,Yellow Brick Road,The Lollipop Guild,Kansas,Yellow Brick Road,
Disco Dave,Which city is Rocky Balboa from?,Miami,Cleveland,Philedephia,Detroit,Philedephia,
Disco Dave,"What subculture is featured in the movie, Grease?",Anarchists,Punks,Disco,Greasers,Greasers,
Disco Dave,Who is NOT in the Village People?,The Artist,The Military Man,The Leatherman,The Policeman,The Policeman,
Disco Dave,Where is ABBA from?,USA,Sweden,Germany,Norway,Sweden,
Disco Dave,What is another name for a disco ball?,Refraction Ball,Reflect-O-Tron,Mirror Ball,Glitter Ball,Mirror Ball,
Disco Dave,Which sitcom features Fonzie?,Happy Days,The Brady Bunch,All in the Family,Good Times,Happy Days,
Disco Dave,"In Welcome Back, Kotter, what is Kotter's Job?",Policeman,Teacher,Store Clerk,Military Medic,Teacher,
Disco Dave,What is the name of the iconic car in The Dukes of Hazzard?,General Lee,General Grant,George Washington,Honest Abe,General Lee,
,,,,,,,
,,,,,,,
,,,,,,,
,,,,,,,
,,,,,,,
,,,,,,,
,,,,,,,
,,,,,,,
,,,,,,,
,,,,,,,
,,,,,,,
,,,,,,,
,,,,,,,
,,,,,,,
,,,,,,,
,,,,,,,
,,,,,,,
,,,,,,,
,,,,,,,
,,,,,,,
,,,,,,,
,,,,,,,
,,,,,,,
,,,,,,,
,,,,,,,
,,,,,,,
,,,,,,,
,,,,,,,
,,,,,,,
,,,,,,,
,,,,,,,
,,,,,,,
,,,,,,,
,,,,,,,
,,,,,,,
,,,,,,,
,,,,,,,
,,,,,,,
,,,,,,,
,,,,,,,
,,,,,,,
,,,,,,,
Bay Ruthless,How far is it around all four bases in baseball?,200 ft (61 m),360 ft (109.7 m),500 ft (152.4 m),720 ft (219.5 m),360 ft (109.7 m),
Bay Ruthless,What is the oldest baseball stadium in use by a Major League Baseball team?,"Dodger Stadium, Los Angeles","Wrigley Field, Chicago","Yankee Stadium, New York","Fenway Park, Boston","Fenway Park, Boston",
Bay Ruthless,How do you get a golden sombrero in baseball?,"Hit a single, double, triple, and home run in one game",Steal three bases in one game,Strike out four times while batting in a game,Make a catch while tumbling over,Strike out four times while batting in a game,
Bay Ruthless,What were the Chicago Cubs supposedly cursed by to never reach a World Series from 1945 to 2016?,A chicken,A cow,A goat,A pig,A goat,
Bay Ruthless,Which US president popularized the 7th inning stretch in baseball?,William Howard Taft,Woodrow Wilson,Chester A. Arthur,Warren Harding,William Howard Taft,
Bay Ruthless,What song did the 1979 Pittsburgh Pirates adopt en route to a World Series championship?,"""We Are Family""","""Staying Alive""","""September""","""Ain't No Stopping Us Now""","""We Are Family""",
Bay Ruthless,A baseball batting average of .200 is known as what?,Bush Line,Koening Line,Willis Line,Mendoza Line,Mendoza Line,
Bay Ruthless,What was the nickname of the 1927 New York Yankees?,Bronx Zoo,Murderers' Row,New York Outfit,Sultan and Company,Murderers' Row,
Bay Ruthless,In which year was the World Series interrupted by an earthquake?,1989,1994,2004,2011,1989,
Bay Ruthless,Players on which team were banned from playing major league baseball due to their involvement in conspiring to throw the World Series?,Boston Braves,Chicago White Sox,Cincinnati Reds,Philadelphia Phillies,Chicago White Sox,
Bay Ruthless,The Hanshin Tigers of Japan's Nippon Professional Baseball were supposedly cursed by whom from 1985 to 2023?,Pillsbury Doughboy,Ronald McDonald,Chef Boyardee,Colonel Sanders,Colonel Sanders,
Bay Ruthless,"In baseball, what is a high, easy-to-catch fly ball called?",Mana from the sky,Lay-up,Belly flop,Can of corn,Can of corn,
,When did the National Football League adopt the two-point conversion?,1965,1979,1994,2003,1994,
,"In American football, a referee placing both hands on the head with elbows out signals what penalty?",Clipping,Delay of game,Illegal Motion,Too many players,Too many players,
,How high is the crossbar of the field goal uprights in both American and Canadian football?,8 ft (2.44 m),10 ft (3.05 m),12 ft (3.66 m),14 ft (4.27 m),10 ft (3.05 m),
,,,,,,,
,,,,,,,
,,,,,,,
,,,,,,,
,,,,,,,
,,,,,,,
,,,,,,,
,,,,,,,
,,,,,,,
,Which of these is not part of a Gordie Howe hat trick?,A goal,A fighting penalty,A shot off the goalpost,An assist,A shot off the goalpost,